name,budget,year
Orlando (1992),"USD 4,000,000",1992.0
Sny (1993),"RUR 100,000,000",1993.0
Trotskiy (1994),"USD 1,500,000",1994.0
Mute Witness (1995),"USD 2,000,000",1995.0
Utomlennye solntsem (1994),"USD 2,800,000",1994.0
Moskovskiye kanikuly (1995),"RUR 2,250,000,000",1995.0
Odinokiy igrok (1995),"USD 400,000",1995.0
Shirli-myrli (1995),"RUR 3,400,000,000",1995.0
Shekvarebuli kulinaris ataserti retsepti (1996),"FRF 17,000,000",1996.0
Sibirskiy tsiryulnik (1998),"USD 35,000,000",1998.0
Tri istorii (1997),"USD 500,000",1997.0
Vor (1997),"USD 2,000,000",1997.0
Sirota kazanskaya (1997),"USD 800,000",1997.0
Malenkaya printsessa (1997),"USD 1,000,000",1997.0
En un claroscuro de la luna (1999),"USD 5,000,000",1999.0
Mama (1999),"USD 3,000,000",1999.0
Brat 2 (2000),"USD 1,500,000",2000.0
Iskusstvo umirat (1996),"USD 25,000",1996.0
Ne valyay duraka (1997),"USD 22,000,000",1997.0
Bear's Kiss (2002),"USD 6,500,000",2002.0
V avguste 44-go (2001),"USD 5,052,780",2001.0
Sobstvennaya ten (2001),"USD 6,500,000",2001.0
101-y kilometr (2001),"USD 200,000",2001.0
Karu sda (2001),"EUR 947,712",2001.0
Romanovy: Ventsenosnaya semya (2000),"RUR 405,000,000",2000.0
"The Tulse Luper Suitcases, Part 1: The Moab Story (2003)","USD 10,000,000",2003.0
Kukushka (2002),"USD 4,000,000",2002.0
Oligarkh (2002),"USD 5,000,000",2002.0
Skaz pro Fedota-streltsa (2002),"USD 2,500,000",2002.0
Atlantida (2002),"USD 1,000,000",2002.0
Bolevoy priyom (1992),"USD 7,300,000",1992.0
Red Serpent (2003),"USD 5,000,000",2003.0
"""Russkie v Gorode Angelov"" (2003)","USD 10,000,000",2003.0
Honey Baby (2004),"EUR 2,500,000",2004.0
[Anti]killer (2002),"USD 1,500,000",2002.0
Zvezda (2002),"USD 1,300,000",2002.0
Odinochestvo krovi (2002),"USD 1,500,000",2002.0
Dom durakov (2002),"USD 2,500,000",2002.0
Zerkalnye voyny. Otrazhenie pervoe (2005),"USD 10,000,000",2005.0
"""Neudacha Puaro"" (2002)","USD 2,000,000",2002.0
Turetskiy gambit (2005),"USD 4,000,000",2005.0
Captivity (2007),"USD 17,000,000",2007.0
"""Stalingrad"" (2003)","EUR 1,500,000",2003.0
Karlik Nos (2003),"USD 2,500,000",2003.0
Trio (2003),"USD 1,200,000",2003.0
Bumer (2003),"USD 700,000",2003.0
Dazhe ne dumay! (2003),"USD 700,000",2003.0
"""And Quiet Flows the Don"" (2006)","USD 35,000,000",2006.0
Where the Bum Danced (2002),"USD 2,000",2002.0
"""Advokat"" (2004) {Alibi dlya korolevy (#1.1)}","USD 150,000",2004.0
Rozhdestvenskaya misteriya (2000),"USD 3,000,000",2000.0
72 metra (2004),"USD 1,600,000",2004.0
Nochnoy dozor (2004),"USD 4,200,000",2004.0
Svoi (2004),"USD 2,500,000",2004.0
Utomlennye solntsem 2 (2010),"USD 45,000,000",2010.0
"""Master i Margarita"" (2005)","USD 5,000,000",2005.0
"""Balzakovskiy vozrast, ili Vse muzhiki svo..."" (2004)","USD 75,000",2004.0
Antikiller 2: Antiterror (2003),"USD 1,000,000",2003.0
Shiza (2004),"USD 1,500,000",2004.0
"""Bayazet"" (2003)","USD 15,000,000",2003.0
"""Nebo i zemlya"" (2004)","EUR 7,000,000",2004.0
Dumy amerikanskie (2004) (V),"RUR 85,000",2004.0
Dnevnoy dozor (2006),"USD 4,200,000",2006.0
Pravilo Very (2004),"RUR 800,000",2004.0
Domovik i kruzhevnitsa (1995),"USD 7,000,000",1995.0
The Rainbowmaker (2008),"EUR 2,618,000",2008.0
"""Bednaya Nastya"" (2003)","USD 11,800,000",2003.0
Igry motylkov (2004),"USD 1,200,000",2004.0
Alyosha Popovich i Tugarin Zmey (2004),"USD 4,000,000",2004.0
Boy s tenyu (2005),"USD 3,500,000",2005.0
Lichnyy nomer (2004),"USD 7,000,000",2004.0
Mongol (2007),"USD 20,000,000",2007.0
Papa (2004),"USD 3,500,000",2004.0
Pobeg (2005),"USD 1,800,000",2005.0
Voditel dlya Very (2004),"USD 3,300,000",2004.0
Volkodav iz roda Serykh Psov (2006),"USD 20,000,000",2006.0
Match Point (2005),"USD 15,000,000",2005.0
9 rota (2005),"USD 9,500,000",2005.0
Mars (2004),"USD 2,000,000",2004.0
Nochnoy prodavets (2005),"USD 2,500,000",2005.0
Imeniny (2004),"USD 600,000",2004.0
Kaunasskiy blyuz (2004),"USD 9,600",2004.0
Sonhos de Peixe (2006),"USD 1,000,000",2006.0
Moroz po kozhe (2007),"USD 1,000,000",2007.0
Pervyy posle Boga (2005),"USD 3,400,000",2005.0
Leningrad (2009),"USD 7,000,000",2009.0
Dom na Taganke (2004) (TV),"RUR 2,000,000",2004.0
Tulpan (2008),"EUR 2,150,000",2008.0
Stradaniya yunogo Wertera (2004),"USD 6,000",2004.0
Everything Is Allowed (2004) (V),"USD 100,000",2004.0
I kokkini pempti (2003),"EUR 3,000,000",2003.0
"""Na virazhe"" (2004)","USD 1,000,000",2004.0
Statskiy sovetnik (2005),"USD 4,000,000",2005.0
Vagon (1993),"USD 30,000",1993.0
The Trouble of the Rings: The Fellowship (2002) (V),"RUR 42,000",2002.0
Muzhskoy sezon. Barkhatnaya revolyutsiya (2005),"USD 7,000,000",2005.0
Silent Partner (2005),"USD 3,600,000",2005.0
Generation P (2011),"USD 7,000,000",2011.0
Boy s tenyu II. Revansh (2007),"USD 6,000,000",2007.0
Georg (2007),"EUR 2,091,778",2007.0
Paragraf 78 (2007),"USD 8,000,000",2007.0
Pervye na Lune (2005),"USD 1,000,000",2005.0
Sdvig (2006),"USD 3,200,000",2006.0
D.A.R.E. to Keep Kids Off Drugs (1994) (TV),USD 500,1994.0
Sunduk predkov (2005),"EUR 1,000,000",2005.0
Zhivaya riba (2006) {{SUSPENDED}},"USD 7,000,000",2006.0
The Trouble of the Rings 2: The Towers (2003) (V),"RUR 46,000",2003.0
The Trouble of the Rings Returns: King-Size (2004) (V),"RUR 56,000",2004.0
"Disparait, v. (2005)","USD 1,000",2005.0
Kosmos kak predchuvstvie (2005),"USD 2,000,000",2005.0
La traductrice (2006),"EUR 1,500,000",2006.0
Dobrynya Nikitich i Zmey Gorynych (2006),"USD 4,500,000",2006.0
Pyl (2005),"USD 3,000",2005.0
Andersen. Zhizn bez lyubvi (2006),"USD 12,000,000",2006.0
Midsummer Madness (2007),"USD 3,500,000",2007.0
The Offshore Reserves (2004),"RUR 200,000",2004.0
Dvoe (2004),"RUR 1,500,000",2004.0
Sluga Gosudarev (2007),"USD 6,600,000",2007.0
Mechenosets (2006),"USD 5,000,000",2006.0
Myortvye docheri (2007),"USD 1,200,000",2007.0
Manga (2005),"RUR 20,000,000",2005.0
Treasure Raiders (2007),"USD 10,000,000",2007.0
Nikto ne znaet pro seks (2006),"USD 1,100,000",2006.0
Aziris nuna (2006),"USD 3,500,000",2006.0
Fata Morgana (2004),"EUR 150,000",2004.0
Narodnaya skazka (2005),"RUR 2,000,000",2005.0
Polumgla (2006),"EUR 1,000,000",2006.0
"""Aeroport"" (2005)","USD 1,000,000",2005.0
Lovitor (2005),"RUR 16,500,000",2005.0
Nechayannaya radost (2005) (TV),"USD 400,000",2005.0
Prestuplenie i nakazanie (2005),"USD 10,000",2005.0
12 (2007),"USD 4,000,000",2007.0
"""War and Peace"" (2007)","USD 70,000,000",2007.0
"""Kobra antiterror"" (2003)","USD 4,000,000",2003.0
Farewell from Moscow: The Igor Larionov Farewell Game (2006),"USD 100,000",2006.0
Chelovek bezvozvratnyy (2006),"USD 10,000,000",2006.0
Figner: The End of a Silent Century (2006),"EUR 350,000",2006.0
Blizhniy Boy: The Ultimate Fighter (2007),"USD 4,000,000",2007.0
Pavlovin koirat (2005),"EUR 255,000",2005.0
Chernyy prints (2004),"USD 1,000,000",2004.0
Rllin sydn (2007),"EUR 5,200,000",2007.0
"""Lyubov kak lyubov"" (2006)","USD 800,000",2006.0
Svyato (2005),"USD 10,000",2005.0
Piter FM (2006),"USD 1,100,000",2006.0
Obratnyy otschet (2006),"USD 3,000,000",2006.0
Gvozdi (2003) (V),"RUR 10,000",2003.0
Osobennyy (2006),"RUR 1,300,000",2006.0
The Last Station (2009),"EUR 13,000,000",2009.0
Natsionalnie triumfi (2005),"RUR 1,000,000",2005.0
The Province of Lost Film (2006),"CAD 10,000",2006.0
Serdtse zverya (2006),"USD 100,000",2006.0
Russkoe (2004),"USD 1,000,000",2004.0
"""Diversant 2: Konets voyny"" (2007)","RUR 1,000,000",2007.0
A Mexican Story (2008) {{SUSPENDED}},"EUR 590,000",2008.0
Mr. Bliss (2004),"USD 15,000",2004.0
Raja 1918 (2007),"EUR 2,100,000",2007.0
"""Smeshariki"" (2003)","USD 500,000",2003.0
"""3 bogatyrya"" (2002)","USD 1,150,000",2002.0
Camomiles (2006),USD 200,2006.0
"""Soldaty"" (2004)","USD 1,000,000",2004.0
Odna lyubov na million (2007),"USD 2,000,000",2007.0
Evolyutsiya Petra Sentsova (2006),"USD 150,000",2006.0
My umryom vmeste (2005),"USD 1,500,000",2005.0
"""Bunker ili Uchenye pod zemley"" (2006)","USD 1,500,000",2006.0
Glyanets (2007),"USD 2,500,000",2007.0
Zhara (2006),"USD 2,000,000",2006.0
Kontrolnaya po chudesam (2006) (V),"RUR 133,000",2006.0
Kostya and Mouse (2006),"USD 70,000",2006.0
Shpionskie igri: Okhota na chernogo volka (2006) (TV),"USD 500,000",2006.0
Tsvetok dyavola (2010),"USD 50,000,000",2010.0
The Winter Queen (2014) {{SUSPENDED}},"USD 35,000,000",2014.0
Baksy (2008),"USD 1,500,000",2008.0
Komnata s vidom na ogni (2007) (TV),"USD 600,000",2007.0
Konservy (2007),"USD 3,000,000",2007.0
Pesni yuzhnykh morey (2008),"USD 2,000,000",2008.0
"Vdokh, vydokh (2006)","USD 1,500,000",2006.0
Drunken Sailor (2007),"USD 2,000,000",2007.0
"""Morskie dyavoly"" (2005)","USD 1,000,000",2005.0
I Amsterdam (2005),"EUR 3,500",2005.0
Sledy (2006),"EUR 5,000",2006.0
Spartakiada. Lokalnoe poteplenie (2008),"USD 1,000,000",2008.0
Obitaemyy ostrov (2009),"USD 29,500,000",2009.0
Lyubov-Morkov (2007),"USD 3,000,000",2007.0
Ironiya sudby. Prodolzhenie (2007),"USD 3,000,000",2007.0
Making of 'Visions of Suffering' (2006) (V),RUR 25,2006.0
Prekrashchaem vyzhivat (2006) (V),"RUR 110,000",2006.0
Rusalka (2007),"USD 1,700,000",2007.0
"""Rodstvennyy obmen"" (2005)","USD 2,000,000",2005.0
Perestroika (2009/I),"USD 2,000,000",2009.0
Semeyka Ady (2008),"USD 1,300,000",2008.0
Child 44 (2015),"USD 50,000,000",2015.0
"""Dorogaya Masha Berezina"" (2005)","USD 1,000,000",2005.0
Mayak (2006),"USD 4,000,000",2006.0
Ekvator (2007),"USD 3,000,000",2007.0
The Tree with the Golden Apples (2000) (TV),"EUR 150,000",2000.0
A Journey of Dmitry Shostakovich (2006),"USD 200,000",2006.0
Nochnye syostry (2007),"USD 1,500,000",2007.0
"""Svakha"" (2007)","USD 500,000",2007.0
You and I (2011),"USD 12,000,000",2011.0
Ya ostayus (2007),"USD 1,000,000",2007.0
"""Zaveshchanie Lenina"" (2007)","USD 3,500,000",2007.0
Inzeyen - Malina (2007),"RUR 7,000,000",2007.0
Devyat dney do vesny (2007) (TV),"USD 600,000",2007.0
Nas ne dogonish (2007),"USD 1,400,000",2007.0
Naslednik (2002),"USD 200,000",2002.0
Naturshchitsa (2007),"USD 1,500,000",2007.0
"""9 mesyatsev"" (2006)","USD 1,200,000",2006.0
Apokrif: Muzyka dlya Petra i Pavla (2005),"USD 750,000",2005.0
Put (2009),"USD 12,000,000",2009.0
Born Into Mafia (2007),"USD 200,000",2007.0
Kod apokalipsisa (2007),"RUR 400,000,000",2007.0
Paren s Marsa (2011),"USD 2,000,000",2011.0
Nepobedimyy (2008),"USD 6,000,000",2008.0
Admiral (2008),"USD 22,000,000",2008.0
Korolyov (2007),"USD 6,000,000",2007.0
The Second World (2008) {{SUSPENDED}},"EUR 20,000,000",2008.0
Miloserdnyy (2009),"USD 1,500,000",2009.0
Montana (2008),"USD 3,000,000",2008.0
Antidur (2007),"USD 5,000,000",2007.0
Litso frantsuzskoy natsionalnosti (2000),"USD 1,000,000",2000.0
Tayna Chingis Khaana (2009),"USD 10,000,000",2009.0
Vitginzburg (2007),"RUR 700,000",2007.0
1612: Khroniki smutnogo vremeni (2007),"USD 12,000,000",2007.0
"""A zori zdes tikhie"" (2005)","USD 20,000,000",2005.0
Alisa navsegda (2008),"USD 1,500,000",2008.0
20 sigaret (2007),"USD 1,500,000",2007.0
Samyy luchshiy film (2008),"USD 4,500,000",2008.0
Ilya Muromets i Solovey Razboynik (2007),"USD 2,000,000",2007.0
07-y menyaet kurs (2007),"USD 1,300,000",2007.0
Platon (2008),"USD 2,500,000",2008.0
Jack Ryan: Shadow Recruit (2014),"USD 60,000,000",2014.0
Obstoyatelstva (2009),"USD 1,000,000",2009.0
The Royal Killer (2014) {{SUSPENDED}},"EUR 8,000,000",2014.0
Angel of Leningrad (2009) {{SUSPENDED}},"USD 12,000,000",2009.0
Viy (2014),"USD 26,000,000",2014.0
Sezon tumanov (2009),"USD 1,000,000",2009.0
Nirvana (2008/I),"USD 2,000,000",2008.0
Driven to Kill (2009) (V),"USD 10,000,000",2009.0
Goryachie novosti (2009),"USD 4,000,000",2009.0
Novaya Zemlya (2008),"USD 12,000,000",2008.0
Kerosene Cowboys (2010) {{SUSPENDED}},"USD 25,000,000",2010.0
Stilyagi (2008),"USD 15,000,000",2008.0
Taras Bulba (2009),"USD 25,000,000",2009.0
Indigo (2008),"USD 3,500,000",2008.0
Elka (2007),"USD 4,000,000",2007.0
Pal/Secam (2008),"USD 15,000",2008.0
Saved by Deportation (2007),"USD 200,000",2007.0
"Ulybka Boga, ili Chisto odesskaya istoriya (2008)","USD 8,500,000",2008.0
"""Maroseyka, 12"" (2000)","USD 1,500,000",2000.0
"""Kobra"" (2001)","USD 4,500,000",2001.0
Kandagar (2010),"USD 7,000,000",2010.0
Belka i Strelka. Zvezdnye sobaki (2010),"USD 25,000,000",2010.0
Sumasshedshaya lyubov (2008) (TV),"USD 300,000",2008.0
Svetlana About Svetlana (2008),"USD 25,000",2008.0
Skazhi Leo (2008),"USD 2,000,000",2008.0
Starshaya zhena (2010),"USD 5,000,000",2010.0
Chastnik (2008) (TV),"USD 300,000",2008.0
Admissible Evidence (2010),"GBP 1,600,000",2010.0
Stories on Human Rights (2008),"USD 2,000,000",2008.0
Amrica (2010),"EUR 1,400,000",2010.0
Megapolis (2007),"USD 1,200,000",2007.0
Polnoe dykhanie (2007),"USD 2,000,000",2007.0
Sad (2008),"USD 2,500,000",2008.0
S.S.D. (2008),"USD 1,500,000",2008.0
Vernaya (2008),"RUR 300,000",2008.0
Pustota (2007),"USD 8,000",2007.0
Blizkiy vrag (2010),"USD 4,500,000",2010.0
Raptor Ranch (2013),"USD 3,500,000",2013.0
Mother's War (2008),"USD 35,000",2008.0
Egorino gore (2008),"USD 1,000,000",2008.0
Pervaya lyubov: Vot takaya muzyka! (2009),"USD 5,000,000",2009.0
A Film About Anna Akhmatova (2008),"USD 400,000",2008.0
Skazka XXI (2009) {{SUSPENDED}},"USD 3,500,000",2009.0
Lyubov v bolshom gorode (2009),"USD 3,500,000",2009.0
Predsedatel CaEs (2008),"RUR 200,000",2008.0
Devyat prolyotov vmeste (2006),"RUR 200,000",2006.0
Etim vecherom angely plakali (2008),"USD 1,000,000",2008.0
Yulenka (2009),"USD 5,000,000",2009.0
Pryzhok (2007),EUR 100,2007.0
"""Bliznetsy"" (2004)","USD 3,000,000",2004.0
Fuga Mortis (2010) {{SUSPENDED}},"EUR 1,400,000",2010.0
Birth of a Website (2008) (V),"USD 1,500",2008.0
Zheleznaya doroga (2007),"USD 2,500,000",2007.0
Rezolyutsiya (2008),"USD 15,000",2008.0
Materinskiy instinkt (2009) (TV),"USD 1,000,000",2009.0
Kolodets (2009),"USD 40,000",2009.0
Vykhodnoy den (2008),RUR 100,2008.0
"""Gora samotsvetov"" (2005)","USD 6,000,000",2005.0
Across Universe 1 (2008) (TV),"EUR 10,000",2008.0
Violin Flying 06. Mix 2 (2007) (TV),"EUR 10,000",2007.0
"""Univer"" (2008)","USD 10,000,000",2008.0
Klyuch salamandry (2011),"USD 10,000,000",2011.0
The Fit of Passion (2007),"USD 1,000",2007.0
Lyubov 2 Morkov (2008),"USD 3,000,000",2008.0
"""Spetsnaz II"" (2003)","USD 1,000,000",2003.0
1812 (2006) (TV),"USD 200,000",2006.0
"Vnimanie, dveri zakryvayutsya (2009)","RUR 25,000",2009.0
Ice Saga (2009),"USD 20,000,000",2009.0
Pirate Twilight (2008),"RUR 10,000",2008.0
Yaitsa (2009),"USD 1,500",2009.0
"""Igra na vybyvanie"" (2004)","USD 1,100,000",2004.0
Odna voyna (2009),"USD 1,500,000",2009.0
Den D (2008),"USD 5,000,000",2008.0
Grindhouse: Collection of Non-Created Films (2009),"RUR 1,000",2009.0
Faust (2011/III),"EUR 8,000,000",2011.0
Atmosfera (2003),USD 500,2003.0
La prima notte della luna (2010),"EUR 2,000,000",2010.0
Russkiy spetsnaz (2003),"USD 1,500,000",2003.0
Sving (????),"USD 3,000,000",
What Colour Is Black (2009),"GBP 2,000",2009.0
"Pole, klouny, yabloko... (2008)","RUR 180,000",2008.0
Buratino (2009),"EUR 1,100,000",2009.0
Otdamsya v khoroshie ruki (2009),"USD 3,000,000",2009.0
Tuman (2008),"USD 30,000",2008.0
Sovsem ryadom (2009),"USD 64,000",2009.0
Operativnaya razrabotka (2008) (TV),"USD 600,000",2008.0
Fobos. Klub strakha (2010),"USD 2,500,000",2010.0
(Menya zdes net) (2009),"USD 11,000",2009.0
Assassins Run (2013),"USD 4,000,000",2013.0
Lyubov v bolshom gorode 2 (2010),"USD 2,500,000",2010.0
"Doroga, vedushaya k schastyu (2009) (TV)","USD 300,000",2009.0
Pobochnyy effekt (2008) (TV),"USD 300,000",2008.0
Zhizn vzaymy (2009) (TV),"USD 300,000",2009.0
Terror lyubovyu (2009) (TV),"USD 800,000",2009.0
"""Labirinty razuma"" (2006)","USD 100,000",2006.0
Tsirk (2009),"GBP 2,500",2009.0
Cheburashka (2010),"EUR 5,000,000",2010.0
A Trivial Exclusion (2009),"USD 50,000",2009.0
Guided by Spirit (2009),"PHP 81,000",2009.0
Dot (2009/I),"USD 7,000,000",2009.0
Drug (2006),"USD 10,000",2006.0
"""Admiral"" (2009)","USD 20,000,000",2009.0
Doch yakudzy (2010),"USD 5,000,000",2010.0
Call Me (2008),"USD 10,000",2008.0
Pribyegaly svyetlyaki (2008),"USD 12,000",2008.0
Suspended Chronicles (2013) {{SUSPENDED}},"USD 16,000,000",2013.0
"""Zapiski ekspeditora Taynoy kantselyarii"" (2011)","RUR 87,000,000",2011.0
Chernaya Molniya (2009),"USD 15,000,000",2009.0
Nasha Russia. Yaytsa sudby (2010),"USD 4,000,000",2010.0
Kak ya provel etim letom (2010),"USD 2,500,000",2010.0
"The LBC: Smile Now, Cry Later (2009)","USD 68,000",2009.0
PiraMMMida (2011),"USD 2,200,000",2011.0
A Hero of Our Time (????),"USD 48,000,000",
The Cosmonaut (2013),"EUR 860,000",2013.0
Rysak (2005),"RUR 15,000,000",2005.0
Chistyy belyy sneg (2009),"USD 4,000",2009.0
Yaroslav. Tysyachu let nazad (2010),"USD 5,000,000",2010.0
Shapito-shou (2011),"USD 2,000,000",2011.0
Chuzhaya (2010),"USD 4,000,000",2010.0
Smert v pensne ili Nash Chekhov (2010),"USD 1,200,000",2010.0
Water (2006),"USD 1,500,000",2006.0
Lyubov-Morkov 3 (2011),"USD 4,000,000",2011.0
Punane elavhbe (2010),"EEK 12,650,000",2010.0
Eine Stunde Aufenthalt (2010),"EUR 35,000",2010.0
Lakomyy kusochek (2003),"USD 7,000",2003.0
Soldiers of Fortune (2012),"USD 8,000,000",2012.0
Black Sheep (2010),GBP 40,2010.0
Serdtse vraga (2017),"USD 4,000,000",2017.0
Nebo za nas 3D (2012),"USD 80,000,000",2012.0
Gadkiy utyonok (2010),"USD 1,500,000",2010.0
Kray (2010),"USD 11,000,000",2010.0
Volga - venlinen joki (2010),"EUR 148,340",2010.0
Neadekvatnye lyudi (2010),"USD 100,000",2010.0
Pani Malkina - cheshskaya Ranevskaya (2008) (TV),"RUR 750,000",2008.0
Rzhevskiy protiv Napoleona (2012),"USD 8,000,000",2012.0
Dau (????),"USD 10,000,000",
Zima mertvetsov. Metelitsa (2012),"USD 1,000,000",2012.0
Glasnost Coda: Singing in Siberia (2011),"USD 70,000",2011.0
Kuka (2007),"USD 531,000",2007.0
Maksimilian (1999),"USD 15,000",1999.0
Adventures of Captain Blood (2010) (VG),"EUR 20,000",2010.0
Buba (2005),"USD 50,000",2005.0
"""Na solnechnoy storone ulitsy"" (2011)","USD 350,000",2011.0
Piter Moskva (2010),"USD 2,000",2010.0
Bez vini vinovatiye (2008),"USD 2,000,000",2008.0
Sluzhebnyy roman. Nashe vremya (2011),"USD 5,000,000",2011.0
Brigada: Naslednik (2012),"USD 4,500,000",2012.0
Poslednyaya skazka Rity (2012),"USD 200,000",2012.0
"""Ulitsa Sezam"" (1996)","USD 6,000,000",1996.0
Sdelka (2009),"RUR 2,500",2009.0
"""Intercept"" (1998)","USD 2,800,000",1998.0
Portrait of Boy with Dog (1994),"USD 12,000",1994.0
The First Russian (2007),"USD 1,500,000",2007.0
Lyubov pod prikrytiem (2010),"USD 3,000,000",2010.0
Popedi sebya (2011),"CAD 250,000",2011.0
Tumors (2011),RUR 99,2011.0
Dukhless (2012),"RUR 84,000,000",2012.0
At the Unheard Frigates of June (2005),"USD 7,000",2005.0
Voenno-polevoy romans (1998) (TV),"USD 2,500,000",1998.0
"""Aleksandrovskiy sad"" (2005)","USD 2,500,000",2005.0
Pereprava (2009),"USD 1,000,000",2009.0
Zagadka starogo kladbishcha (2008),"USD 14,500",2008.0
The Waiting Room (1992),"USD 1,300,000",1992.0
Mymra (2008) (TV),"USD 300,000",2008.0
Bogataya Masha (2010) (TV),"USD 300,000",2010.0
Baby Carriage (2007) (V),"RUR 1,000",2007.0
Good Boys Go to Heaven and Bad Boys Go to Europe (2009),"USD 50,000",2009.0
"""Glavniy Geroy"" (2007)","RUR 500,000",2007.0
In Transit (2011/I),"USD 15,000",2011.0
Pechorin (2011),"USD 900,000",2011.0
God belogo slona (????),"USD 3,000,000",
Sobiratel pul (2011),"USD 85,000",2011.0
Raspoutine (2011) (TV),"EUR 6,000,000",2011.0
Pridel angela (2008),"USD 1,500,000",2008.0
Regiment 345 (2001),"USD 500,000",2001.0
Furious 6 (2013),"USD 160,000,000",2013.0
God's Fiddler: Jascha Heifetz (2011),"USD 650,000",2011.0
Marussia (2013),"EUR 800,000",2013.0
Utomlennye solntsem 2 (2011),"USD 45,000,000",2011.0
Radio (2009/III),"USD 2,500",2009.0
Morning (2008) (V),"RUR 3,000",2008.0
Malchik i devochka (2010) (TV),"RUR 25,000,000",2010.0
Italian Movies (2012),"USD 4,000,000",2012.0
Kaddish (2006),"USD 30,000",2006.0
Reader (2003) (V),"RUR 30,000",2003.0
"Tebe, ne znavshemu meniya (2005) (TV)","USD 800,000",2005.0
Vse nachinaetsya s lubvi (2004) (TV),"USD 600,000",2004.0
Stalingrad (2013),"USD 30,000,000",2013.0
There Is No Me (2011),"USD 3,500",2011.0
Spell (2011),"GBP 1,000",2011.0
WikiLeaks Revelations (2011) (TV),GBP 900,2011.0
"""Zhivaya Vselennaya"" (2011)","USD 50,000",2011.0
"""Bez antrakta"" (1997)","USD 100,000",1997.0
Pervaya sopka 2 (2007),RUR 500,2007.0
Machete Kills (2013),"USD 20,000,000",2013.0
"""Poedinki"" (2009)","USD 5,000,000",2009.0
"""Zhena generala"" (2011)","USD 3,225,806",2011.0
Russkiy zapovednik (2010),"USD 4,250",2010.0
Lovemakers (2011),"USD 2,500,000",2011.0
Zombie Infection (2011),"RUR 300,000",2011.0
Spisok korabley (2008),"EUR 6,000",2008.0
Mesto deystviya. Fuckin City (2007),RUR 250,2007.0
Istoriya 5-ti stalkerov (2010),"RUR 2,000",2010.0
Pervaya sopka. Mest beshenogo Gansalesa (2007),RUR 300,2007.0
Mesto deystviya. Fuckin City (2011),RUR 300,2011.0
Pura vida - The Ridge (2012),"EUR 658,000",2012.0
"""Pechat odinochestva"" (2009)","USD 250,000",2009.0
"Istoriya pro Richarda, milorda i prekrasnuyu Zhar-ptitsu (1997)","RUR 2,000,000,000",1997.0
Prezumptsiya soglasiya (2011),"USD 500,000",2011.0
"""Petr Pervyy. Zaveshchanie"" (2011)","USD 2,750,000",2011.0
Mashina (2011),"EUR 2,000",2011.0
Felix Picherna Walking Tango in Moscow (2009),"EUR 20,000",2009.0
The Golden Bough (2011),USD 100,2011.0
Avgust. Vosmogo (2012),"USD 16,000,000",2012.0
Selskiy rok-n-roll (2011),"RUR 15,000",2011.0
Boy s tenyu 3. Posledniy raund (2011),"USD 5,000,000",2011.0
The Prisoner (2012/III),"USD 1,500,000",2012.0
Barkli Virgin House (2011),"EUR 100,000",2011.0
Atomnyy Ivan (2012),"USD 1,500,000",2012.0
Marafon (2013),"USD 2,400,000",2013.0
Hundraringen som klev ut genom fnstret och frsvann (2013),"SEK 63,000,000",2013.0
Kashtanka (1994),"USD 200,000",1994.0
Ne idet... (1994),"USD 150,000",1994.0
Nevinnyye sozdaniya (2008),"USD 900,000",2008.0
"Vysotskiy. Spasibo, chto zhivoy (2011)","USD 12,000,000",2011.0
69 Hematomas (2013) {{SUSPENDED}},"USD 1,500,000",2013.0
"Banshchik prezidenta, ili Pasechniki Vselennoy (2010)","USD 1,000,000",2010.0
"Privet, kinder! (2009)","USD 5,000,000",2009.0
Zrtlichkeit (2012),USD 300,2012.0
Ivan Tsarevich i Seryy Volk (2011),"USD 3,000,000",2011.0
"""Chuzhoe litso"" (2012)","RUR 31,972,000",2012.0
The Year Is Zero (2014) {{SUSPENDED}},"USD 200,000",2014.0
Shchekotlivaya situatsiya (2011),"USD 10,000",2011.0
29 kilometr (2012),"USD 40,000",2012.0
Christmas Eve '45 (2012),"USD 8,000",2012.0
"""Naruzhka"" (2011)","RUR 5,000,000",2011.0
Bilet na Vegas (2013),"USD 8,000,000",2013.0
On Her Finger Tips (2005),"RUR 30,000",2005.0
Nerses Hovhannisyan: The Mosaic Portrait (2012),"RUR 30,000",2012.0
The Last Meeting with Yavuryan (2012),"RUR 30,000",2012.0
"""Doyarka iz Khatsapetovki III"" (2011)","UAH 1,500,000",2011.0
O Theos agapaei to haviari (2012),"EUR 8,000,000",2012.0
Legenda No. 17 (2013),"EUR 10,000,000",2013.0
Klass-kontsert dlya khora i fortepiano (2011),"RUR 550,000",2011.0
Pogranichnyy effekt (2012),"USD 65,000",2012.0
Serdtse bez zamka (2012) (TV),"USD 500,000",2012.0
Golfstrim pod aysbergom (2012),"EUR 2,300,000",2012.0
Mantera (2012),"USD 4,000,000",2012.0
Azarkant (2013),USD 100,2013.0
Nebo pod serdtsem (2012),"USD 200,000",2012.0
Iskushenie (2007),"USD 500,000",2007.0
Match (2012),"USD 8,000,000",2012.0
Ekho mysley (2009),"USD 800,000",2009.0
Snezhnaya koroleva (2012),"USD 7,000,000",2012.0
The Cut (2014/I),"EUR 16,000,000",2014.0
Territoriya (2015),"EUR 11,000,000",2015.0
"""Highlights of the Week with Chrystal Callahan"" (2009)","USD 300,000",2009.0
Mamy (2012),"USD 2,000,000",2012.0
Royal Babylon: The Criminal Record of the British Monarchy (2012),"GBP 3,000",2012.0
16 Months (????) {{SUSPENDED}},"USD 300,000",
FeD.O.T. (????),"USD 1,500,000",
Derevo detstva (2008),"USD 1,000",2008.0
Volshebnyy kubok Rorrima Bo (2016),"USD 100,000,000",2016.0
Bibinur (2009),"RUR 90,000,000",2009.0
"""Nashi 90-e"" (2000)","USD 8,000,000",2000.0
Lovers on the Ice (2004) (TV),"EUR 500,000",2004.0
The Last Mermaids (2012),"CAD 20,000",2012.0
"""Ponchik Lyusya"" (2011)","USD 1,000,000",2011.0
"""Voroniny"" (2009)","USD 1,000,000",2009.0
"""Galygin.ru"" (2010)","USD 1,000,000",2010.0
"""Belaya gvardiya"" (2012)","USD 5,000,000",2012.0
"""Provintsialka"" (2008)","USD 1,500,000",2008.0
Svoboda po russki (2006),"RUR 40,000,000",2006.0
Pugovitsa (2008) (TV),"USD 300,000",2008.0
"""ChS [Chrezvychaynaya situatsiya]"" (2012)","USD 1,000,000",2012.0
Priya: The Charming Girl of India (2016),"USD 160,000,000",2016.0
Belyy tigr (2012),"USD 11,000,000",2012.0
Pops Cops 2 (2007),"RUR 100,000",2007.0
Shpion (2012),"USD 60,000,000",2012.0
Shoping-tur (2012),"EUR 55,000",2012.0
Lofty Senses (2008),"USD 20,000",2008.0
Viva la Muerte (2004),"RUR 10,000",2004.0
Trudno byt bogom (2013),"USD 7,000,000",2013.0
Orda (2012),"USD 12,000,000",2012.0
Rlli ja kultainen avain (2013),"EUR 2,135,000",2013.0
Prervannyi polet Garri Powersa (2009) (TV),"USD 500,000",2009.0
What is School? (2009),"EUR 1,000",2009.0
Ninulya (2006),"USD 10,000",2006.0
Kuryer na Vostok (1991),"USD 100,000",1991.0
Saskvoch (2012),"RUR 10,000",2012.0
"""Po lezviyu britvy"" (2012)","USD 2,000,000",2012.0
Yakhonty. Ubiystvo (????),"USD 2,500,000",
1812. Ulanskaya ballada (2012),"USD 15,000,000",2012.0
Skromnoe puteshestvie (2010),"RUR 500,000",2010.0
Bienvenido a Cuba (2012),"RUR 70,000",2012.0
Flagellare (2010),"USD 1,000",2010.0
Life on Shreds (2003),"USD 9,000",2003.0
Dresscode (Brain Noise) (2009),"USD 7,500",2009.0
Molodoe zlo (2008),"USD 60,000",2008.0
C.H.L.D. (Cat. Horse. Love. Death.) (????),"USD 1,200,000",
The Anthropologist (2015),"USD 870,000",2015.0
Margantsovka (2006),"USD 10,000",2006.0
Schatten ber Moskau (1990),"USD 2,000,000",1990.0
Stalnaya babochka (2012),"RUR 2,000,000",2012.0
Predlojenie (2012),"RUR 15,000",2012.0
Moscow Never Sleeps (2015),"USD 3,700,000",2015.0
Uzel (2010),"USD 50,000",2010.0
Golubaya kost (2011),"USD 20,000",2011.0
Let Our Lives Continue in Others (2013),"USD 20,000",2013.0
Nebesnye zheny lugovykh mari (2012),"USD 2,000,000",2012.0
Ladder in the Lions' Den (2012),"USD 150,000",2012.0
Be a True Man (2012),"RUR 300,000",2012.0
Rent a Globe (2013),"USD 43,000",2013.0
Sokrovishcha O.K. (2013),"USD 4,000,000",2013.0
"""Klassnye muzhiki"" (2010)","USD 3,000,000",2010.0
"""Brat i sestra"" (2012)","USD 5,000,000",2012.0
"""V lesakh i na gorakh"" (2010)","USD 5,000,000",2010.0
"""Medvezhiy ugol"" (2010)","USD 3,000,000",2010.0
Neokonchennyy urok (2009),"USD 5,000,000",2009.0
"""Mechty Alisy"" (2006)","USD 3,000,000",2006.0
Saint Petersburg (2013),"EUR 250,000",2013.0
Iskopaemyy (2012),"USD 57,000",2012.0
12 mesyatsev (2013),"USD 2,200,000",2013.0
The Expat (2011),"GBP 3,500",2011.0
Prazdnik vzaperti (2012),"USD 600,000",2012.0
Tri bogatyrya na dalnikh beregakh (2012),"USD 3,500,000",2012.0
Pyat zvyozd (2012),"USD 500,000",2012.0
Moms Are Simply Waiting for Us (2012) (V),"USD 100,000",2012.0
More zhelaniy (2010),"USD 17,000",2010.0
Ya ne vernus (2014),"EUR 1,500,000",2014.0
The Tree of Happiness (2013),USD 500,2013.0
Metro (2013/I),"USD 13,000,000",2013.0
Higher Mission (2015),"USD 3,000,000",2015.0
"""Chkalov"" (2012)","USD 12,000,000",2012.0
Chuzhaya mat (2012),"USD 160,000",2012.0
"""Krasnoe na belom"" (2009)","USD 3,000,000",2009.0
"""Spetsgruppa"" (2007)","USD 3,000,000",2007.0
"""Proshchayte, doktor Chekhov!"" (2007)","USD 4,000,000",2007.0
"""Na reke Devitse"" (2006)","USD 3,000,000",2006.0
"""Vnimanie, govorit Moskva!"" (2005)","USD 6,000,000",2005.0
Odnoklassniki.ru: naCLICKay udachu (2013),"USD 4,000,000",2013.0
Igrushka (2012),"USD 22,000",2012.0
Zuleyha (2005),"RUR 6,000,000",2005.0
"""Tuman"" (2010)","USD 3,000,000",2010.0
Glckspilze (2013),"CHF 350,000",2013.0
Chuzhoy v dome (2010) (TV),"USD 300,000",2010.0
Swan Lake in Bronze (2013),"USD 25,000",2013.0
S Rozhdestvom! (2012),"RUR 100,000",2012.0
Prervannaya pesnya (2012),"USD 20,000",2012.0
Ivanov (1981),"RUR 10,000",1981.0
"""Patrol PPS"" (2010)","RUR 5,000,000",2010.0
Gost (2013) (TV),"RUR 5,000,000",2013.0
Koma (2012/II),"RUR 10,000,000",2012.0
Kulinar (2012),"RUR 5,000,000",2012.0
"""Nastoyashchie"" (2011)","RUR 5,000,000",2011.0
Vozvrashchenie (2012) (TV),"RUR 5,000,000",2012.0
Zateryannye v lesakh (2012) (TV),"RUR 5,000,000",2012.0
"""Provintsial"" (2013)","RUR 6,000,000",2013.0
"""Patrul. Vasilevskiy ostrov"" (2013)","RUR 6,000,000",2013.0
Vracha vyzyvali? (2011) (TV),"RUR 5,000,000",2011.0
"""Narkotrafik"" (2012)","RUR 8,000,000",2012.0
"""Beglets"" (2011)","RUR 12,000,000",2011.0
Sterva (2009) (TV),"USD 500,000",2009.0
Srochno trebuetsya Ded Moroz (2007) (TV),"USD 500,000",2007.0
"""Zolotaya Meduza"" (2005)","USD 120,000",2005.0
"""Alka"" (2006)","USD 120,000",2006.0
Bog pechali i radosti (2007) (TV),"USD 2,000,000",2007.0
Malchiki-Devochki (2008),"USD 8,000,000",2008.0
"""Ligovka"" (2010)","USD 120,000",2010.0
"""Voennaya razvedka. Zapadnyy front"" (2010)","USD 60,000",2010.0
Bilet v odin konets (2012),"USD 1,000,000",2012.0
Gagarin. Pervyy v kosmose (2013),"USD 9,500,000",2013.0
Mologa. Russkaya Atlantida (2011) (TV),"USD 500,000",2011.0
idin toive (2015),"EUR 750,000",2015.0
Somneniye (2012),"RUR 35,000",2012.0
Equal Abilities (2008),"RUR 10,000",2008.0
"""Istoriya zechki"" (2009)","USD 500,000",2009.0
"""Verbnoe voskresene"" (2010)","USD 500,000",2010.0
"""Schastlivchik Pashka"" (2011)","USD 500,000",2011.0
Suzeniy-Ryazeniy (2007) (TV),"USD 700,000",2007.0
"""Semeyniy dom"" (2010)","USD 100,000",2010.0
"""Gobliny. Zashchita svideteley"" (2011)","USD 100,000",2011.0
Viktor (2014),"USD 10,000,000",2014.0
"""Moe lyubimoe chudovishche"" (2013)","USD 1,000,000",2013.0
Life Is Like Poker (????),"USD 4,500,000",
Angel of Death (????),"USD 2,500,000",
Spores (2011) (TV),"USD 4,500",2011.0
Free Pussy Riot: The Movie (2013),"USD 365,000",2013.0
Rol (2013),"EUR 1,800,000",2013.0
Snegurochka (2014),"EUR 1,500,000",2014.0
Repetitsii (2013),"USD 300,000",2013.0
Canon (2011),"RUR 3,000,000",2011.0
Trottoirs de Paris (2013),"USD 50,000",2013.0
Great Forest of the Sikhote-Alin (2013),"USD 10,000",2013.0
Silk (2013/II),"USD 25,000",2013.0
Cherez Moskvu (2012),"USD 5,000",2012.0
Pogruzhenie v ogon (2012),"RUR 480,000",2012.0
Hardcore Henry (2015),"USD 2,000,000",2015.0
Kak ya postupil so smertju (2010),"EUR 20,000",2010.0
Reflection (2013/VII),"USD 2,000",2013.0
Karaganda (2013),"USD 65,000",2013.0
Nak Muay (2013),"EUR 175,000",2013.0
Reshitsya na... (2013),"RUR 150,000",2013.0
Korol Madagaskara (????),"USD 16,000,000",
Vremya varvarov (2002),"USD 3,000,000",2002.0
Yolki 3 (2013),"USD 5,000,000",2013.0
Baba Yaga (2017),"USD 14,000,000",2017.0
Dusha shpiona (2015),"USD 10,000,000",2015.0
Geograf globus propil (2013),"USD 4,000,000",2013.0
Finis Terrae (Ossetia war 2008) (2010),"EUR 100,000",2010.0
Despair (2009),"RUR 1,000,000",2009.0
Roads and All That Jazz (2013),RUR 0,2013.0
Beloe plate (2011) (TV),"USD 2,000,000",2011.0
Kriminaali (????),"USD 16,000,000",
Kladbishche zabytykh mertvetsov (2013),RUR 50,2013.0
Tayna Slendermena (2013),RUR 50,2013.0
Town of the Dead (2012),USD 30,2012.0
Bucks from Starbucks (2013),"RUR 5,000",2013.0
The Film Project Bracha the Will of Love (????) {{SUSPENDED}},"USD 16,300,000",
The Broken Card (????),USD 20,
"""Perevodchik"" (2014)","RUR 45,000,000",2014.0
The Last Straw (2013/III),USD 500,2013.0
"""Parovozik Tishka"" (2013)","USD 4,000,000",2013.0
Prakticheskaya magiya (2013),"EUR 3,000",2013.0
Pridurok (2012),RUR 10,2012.0
Telefonnaya kamasutra (2012),RUR 20,2012.0
"""Parovozik Tishka. Novye priklyucheniya"" (2014)","USD 4,000,000",2014.0
Manyachilo (2012),RUR 50,2012.0
Kvadrat (2013),"EUR 100,000",2013.0
Black Rose (2014),"USD 7,000,000",2014.0
White Chief (2014),"USD 5,000",2014.0
Raukhenshtayn (2013),EUR 6,2013.0
Bulag. Svyatoy istochnik (2013),"RUR 2,000,000",2013.0
"""10 druzey Krolika"" (2014)","USD 4,500,000",2014.0
Pridurok 2 (2012),RUR 20,2012.0
Mest transformerov (2012),RUR 100,2012.0
Tough Choices of Romeo (????),USD 100,
Dubrovskiy (2014),"USD 2,500,000",2014.0
Antitransformery (2012),RUR 200,2012.0
Tserkov (2013),RUR 20,2013.0
V pyatnitsu 13. Chast 2 (2012),RUR 136,2012.0
Den Desantnika (2013),"USD 35,000",2013.0
Vozvrashchenie Gitlera (2013),RUR 100,2013.0
Vozvrashchenie Gitlera 2 (2013),RUR 100,2013.0
Propavshiy (2012),RUR 10,2012.0
Adskiy ostrov (2012),RUR 10,2012.0
Gorod-prizrak (2013),RUR 10,2013.0
Paranormaliya (2012),RUR 10,2012.0
21.12.2012 Konets sveta (2012),RUR 60,2012.0
22.12.2012 Posle kontsa sveta (2012),RUR 72,2012.0
Day Z (2012),RUR 12,2012.0
Okno (2013),"RUR 80,000",2013.0
A Journey Through Uncharted Russia (2014),"USD 2,000,000",2014.0
Den Pobedy (2012),"RUR 800,000",2012.0
[Vertical Bar] (2013),"RUR 10,000",2013.0
Vokhatuk (2005) (V),RUR 100,2005.0
Taksi smerti (2013),RUR 200,2013.0
Poslednee video (2013),RUR 50,2013.0
V sporte tolko devushki (2014),"USD 40,000,000",2014.0
Anomaliya (2012),RUR 12,2012.0
The Rebel Count (2012),"EUR 45,000",2012.0
"Astra, i heart you (2012)","USD 500,000",2012.0
Lethal ID (2001),"USD 300,000",2001.0
Voyage vers la mre (2014),"EUR 800,000",2014.0
Otel mertvetsov (2013),RUR 300,2013.0
Druzya druzey (2013),"USD 2,000,000",2013.0
"Benyovszky, the rebel count (2015)","USD 24,000,000",2015.0
Signora Russa (2013),"USD 15,000",2013.0
Awaiting: Ogidanie (2012),"RUR 3,000",2012.0
Travel for a Dream (2008),"USD 10,000",2008.0
Raukhenek (2013),EUR 6,2013.0
Na dne (2014),"USD 1,000,000",2014.0
Krot (2006),"RUR 100,000",2006.0
"Tam, gde svet (2003)","RUR 100,000",2003.0
The Road to the Sea (2010),"USD 10,000",2010.0
Koshmar na Olimpiade. Gibel Sochi (2014),RUR 50,2014.0
Obratnaya storona vydumki (2014),"EUR 92,000",2014.0
Zen Drive (2006),"USD 2,000",2006.0
Okhota zhit (2014),"USD 1,350,000",2014.0
Dusha (2014),RUR 50,2014.0
Dukh (2014),RUR 50,2014.0
Gost (2004),"USD 2,000",2004.0
Still Loving Her (2004),"RUR 15,000",2004.0
Sounds of the Soul (2014),"USD 40,000",2014.0
Trip (2004),"USD 10,000",2004.0
Clockwork Bureaucrat (2005),"USD 3,000",2005.0
Nerovnoe dykhanie (2005),"USD 10,000",2005.0
Zhizn posle (2009),"USD 5,000",2009.0
Olya's Love (2014),"EUR 160,000",2014.0
Maya. Proroki Apokalipsisa (2012) (TV),"RUR 1,000,000",2012.0
We Are Not Amoebas (2013),"USD 34,000",2013.0
"""Khmurov"" (2013)","EUR 150,000",2013.0
"""Idealnyy brak"" (2013)","USD 150,000",2013.0
Odnoklassnitsy (2013) (TV),"USD 120,000",2013.0
Tarif na proshloe (2013) (TV),"USD 200,000",2013.0
"""Lyubov bez lishnikh slov"" (2013)","USD 420,000",2013.0
"""Dozhdatsya lyubvi"" (2014)","USD 400,000",2014.0
Rise to Love (2014),"USD 1,000",2014.0
Ritual Objets (2011),EUR 500,2011.0
Idiosyncracy (2010),UAH 1,2010.0
Ostrozhskaya Medeya (2014),"USD 500,000",2014.0
Our Africa (2015),"EUR 360,000",2015.0
Imaginary Love (2014),"RUR 7,000",2014.0
Lyubov bez strakhovki (2011) (TV),"USD 400,000",2011.0
Khobbi (2012),"USD 7,000",2012.0
Bezumnyy yubiley (2012) (TV),"USD 300,000",2012.0
Provoda (2014),"RUR 600,000",2014.0
Sudba na zamenu (2013),"EUR 5,000",2013.0
Smert v bare (2014),"EUR 10,000",2014.0
Swinishness (2014),"RUR 100,000",2014.0
"Lift, I Love You! (2014)","USD 2,000",2014.0
Zombie 2024 (2014),USD 300,2014.0
The Awakening (2015/III),"USD 50,000",2015.0
Ruka (2014),RUR 50,2014.0
Lyogok na pomine (2014),"RUR 70,000,000",2014.0
Double Solid Line (2009),"RUR 350,000",2009.0
Komandirovka (2009),"USD 17,000",2009.0
Lestnitsa (2014),RUR 50,2014.0
Gagarin Fairy Tale (2011),"GBP 2,000",2011.0
Inheritance (2014/I),"GBP 2,000",2014.0
Skoryy 'Moskva-Rossiya' (2014),"USD 4,000,000",2014.0
Zaderzhi dykhanie (2014),"USD 3,000",2014.0
Avantyuristy (2014),"RUR 110,000,000",2014.0
Virtuosity (2014),"USD 800,000",2014.0
Ves etot dzhem (2016),"USD 1,500,000",2016.0
Antologiya uzhasov (2014),RUR 750,2014.0
Gost (2009),"USD 5,000",2009.0
"""On the Roofs of Petersburg"" (2008)","RUR 150,000",2008.0
Missiya (2005),"RUR 200,000",2005.0
Demiurge (2008) (TV),"RUR 120,000",2008.0
Quackerz (2016),"USD 12,000,000",2016.0
Nenasytnye (2006),"USD 1,700,000",2006.0
9 dney i odno utro (2014),"USD 1,300,000",2014.0
Fort Ross (2014),"USD 10,000,000",2014.0
Eine Frau in Rot (2015),"EUR 71,000",2015.0
Vakhtangov and the Russian Theatre (2014),"USD 1,750",2014.0
"""Koroleva igry"" (2014)","USD 2,000,000",2014.0
"S 8 marta, muzhchiny! (2014)","USD 3,000,000",2014.0
Tragediya v lesu (2014),USD 10,2014.0
Korporativ (2014),"USD 2,000,000",2014.0
Poddubnyy (2014),"USD 12,000,000",2014.0
"""Vasilisa"" (2014)","USD 7,000,000",2014.0
Sindrom Petrushki (2015),"EUR 2,000,000",2015.0
"""Posmotrim"" (2013)","RUR 2,000",2013.0
Raniya (2008),"USD 500,000",2008.0
Apartment 245 (2011),USD 100,2011.0
The Adventure Failed: Thanks for Trying (2008) (TV),"RUR 200,000",2008.0
Frozen Songs (2014),"GBP 30,000",2014.0
Sonnyy ad (2014) (VG),"RUR 1,000",2014.0
"""Osobennosti natsionalnoy marshrutki"" (2013)","USD 1,000,000",2013.0
"Milyy Khans, dorogoy Pyotr (2015)","USD 3,500,000",2015.0
Legends of Great Ussurka (2014),"USD 10,000",2014.0
"Mama, ya zhenyus (2014) (TV)","USD 500,000",2014.0
Last Session (2014),RUR 400,2014.0
Elevator (2014/II),RUR 130,2014.0
Fatal Meeting (2011),"RUR 1,200",2011.0
Di tutti i colori (2014),EUR 1,2014.0
Chess-96 (1996),"USD 15,000",1996.0
Alice (1995/II),"USD 55,000",1995.0
The Cossack Fairy Tales (2007) (V),"EUR 35,000",2007.0
Poteryannaya plyonka (2014),RUR 50,2014.0
Disponser (2014),RUR 400,2014.0
Ghost (2010/IV),RUR 200,2010.0
Treason (2011),RUR 500,2011.0
Between Life and Death (2012),RUR 600,2012.0
Mask of Death (2012),RUR 800,2012.0
You Don't Understand (2004) (TV),"EUR 60,000",2004.0
Ghost 2: Prevention (2011),RUR 500,2011.0
Gegel (2014),"USD 20,000",2014.0
Tolko ne oni (2016),"USD 3,610,000",2016.0
Grace and Grit (2017),"USD 8,000,000",2017.0
Blackmail (????/I),"USD 6,500,000",
The Code of Cain (2015),"USD 2,200,000",2015.0
Through the Looking Glass: Part 1 (2011),USD 20,2011.0
Through the Looking Glass: Part 2 (2011),USD 20,2011.0
Zvezda (2014),"USD 2,500,000",2014.0
GazGolder (2014),"USD 4,000,000",2014.0
The Maestro of Mongolia (2014),"GBP 2,500",2014.0
Tayna Slendermena 2 (2014),"RUR 2,500",2014.0
"""Morskiye dyavoly 2"" (2007)","USD 3,000,000",2007.0
Destruct (2014),"RUR 1,000",2014.0
February 28 (2014),"USD 4,000",2014.0
Bitva za Sevastopol (2014),RUR 50,2014.0
Rise of the Dead (2012) (V),RUR 600,2012.0
Die for Love (2010),RUR 250,2010.0
Another Dimension (2012) (V),RUR 400,2012.0
Ghost 3: Premonition of Death (2011),"RUR 1,300",2011.0
Murder on Elm Street (2012),"RUR 3,500",2012.0
Twins (2012),"RUR 4,500",2012.0
Scarecrow: The Legend Comes Alive (2012),"RUR 5,000",2012.0
I Am Vampire: Reborn (2012),"RUR 1,000",2012.0
Way to Nowhere (2012),RUR 900,2012.0
Mysterious Woods (2012) (V),RUR 750,2012.0
Total Recall (2012/II),"RUR 2,000",2012.0
Curse of the Sorcerer (2013),"RUR 2,000",2013.0
Obscure Harbor (2014),"USD 1,000",2014.0
Ice Floe (2015),"GBP 9,300",2015.0
Die for love 2 (2012),"RUR 1,000",2012.0
Mekhanicheskiy drug (2005),"USD 100,000",2005.0
Emil Vernik: 60 Anniversary (2014) (V),"EUR 50,000",2014.0
Ghost 4: Retribution (2013),"RUR 6,000",2013.0
Retribution (2014/VII),"RUR 2,000",2014.0
Izlaiduma gads (2014),"EUR 350,000",2014.0
Headlong (2014),"USD 10,000",2014.0
One and a Half Head Teacher (2014),"RUR 3,000",2014.0
On - drakon (2015),"USD 18,000,000",2015.0
Baykalskiy intsident. Skrytaya ugroza (2014),"KZT 20,000",2014.0
Savva. Serdtse voina (2015),"USD 30,000,000",2015.0
Bitva za Sevastopol (2015),"USD 5,000,000",2015.0
"""Drugaya realnost"" (2014)","USD 100,000",2014.0
Date of Death Unknown (2014),USD 300,2014.0
Mushrooms (2014),"RUR 2,000",2014.0
The Marlowe Story (2015),"USD 5,000",2015.0
Koshmarnye sny (2013),"RUR 10,000",2013.0
Briefe von Gott (2015),"EUR 87,000",2015.0
Crazy Elnar (2014),RUR 900,2014.0
Prizrak 5: Vozvrashchenie sudby (2013),"RUR 10,000",2013.0
Crazy Elnar 2 (2014),RUR 900,2014.0
The Last Show (2015/I),"USD 7,000",2015.0
Gorko! 2 (2014),"USD 2,500,000",2014.0
Last Summer. Zombie Town (2008),"RUR 7,000",2008.0
Pokhishchenie (2013),"RUR 10,000",2013.0
Unrequited Love (2012),"RUR 1,000",2012.0
Broken Love (2011),"RUR 1,200",2011.0
Smeshannye chuvstva (2014),"USD 2,000,000",2014.0
Psikhoz (2009),"RUR 200,000",2009.0
The Voice in Me (????),"RUR 50,000",
Quiet Blood (2013),"RUR 85,000",2013.0
Interstelar (2014),USD 65,2014.0
Ubiystvo (2010),"RUR 30,000",2010.0
To Russia with Love (2014) (TV),"USD 600,000",2014.0
Otmorozki (2011),"RUR 25,000",2011.0
Prizrak iz Khovrino (2012),"RUR 30,000",2012.0
The House of Domovoy (2014),"USD 1,000",2014.0
Batalon (2015),"USD 10,000,000",2015.0
Dark Sky. White Clouds. (2015),"EUR 50,000",2015.0
Obitel strakha (2014),USD 20,2014.0
Pokhishchennyy transformerami (2014),USD 20,2014.0
Insane Horror Fan (2013),USD 400,2013.0
Cargo 425 (2014),"RUR 1,000",2014.0
Last Summer 2. Ural Psycho (2009),"RUR 2,000",2009.0
Po tu storonu (2014),"RUR 40,000",2014.0
Crazy Elnar 3 (2014),"RUR 1,000",2014.0
Serge (2013/II),"USD 3,000",2013.0
8 novykh svidaniy (2015),"USD 2,300,000",2015.0
Ivan (2013),"RUR 50,000",2013.0
Muza dlya Mokroukhova (2014),"RUR 500,000",2014.0
'Strashilki' Khrestinina Kirilla: No. 1 'Kollektorshchik' (2011),"RUR 10,000",2011.0
Mukha (2015),"USD 500,000",2015.0
Pictures at an Exhibition (2013),RUR 0,2013.0
Invisible (2013/VIII),RUR 0,2013.0
Moy muzh (2013),RUR 0,2013.0
Dofamin (2013),RUR 0,2013.0
Untitled Nikolai Gogol Project (????),"EUR 10,000,000",
Frenzy (2014/II),"RUR 5,000",2014.0
Legkoe dykhanie (????),"RUR 3,000,000",
Do svidaniya mama (2014),"EUR 1,300,000",2014.0
Whispering of Dead (2014),USD 20,2014.0
Night of the Dead Man (2014),USD 15,2014.0
Stranger (2014/IV),RUR 200,2014.0
Ivan: The Three Questions (2017),"USD 20,000,000",2017.0
The Woman from Ingria (????),"EUR 2,400,000",
The Hand. New Victim (2014),USD 10,2014.0
2053 (2013),"RUR 50,000,000",2013.0
Battles (2015),"EUR 200,000",2015.0
Vesyolye rebyata;) (2014),"USD 2,600,000",2014.0
Jesus Project (2015),USD 10,2015.0
My Secret Friend (2014),"EUR 2,000",2014.0
Malchishnik (2016),"USD 1,500,000",2016.0
Three Hundred (2015),"USD 20,000",2015.0
Zelluloza (2015) (V),RUR 12,2015.0
"""SophieCo"" (2013)",RUR 0,2013.0
Hardlol (2015),RUR 500,2015.0
Revenge (2012) (VG),RUR 200,2012.0
Rosetta: Audio/Visual (2014),"USD 13,000",2014.0
Arbitrium (2015),"USD 7,000",2015.0
Pakhan (2014),"RUR 100,000",2014.0
Chekhov the Proposal (2014),"USD 1,000",2014.0
Pulp Fiction Russian Parody (2014),"USD 2,300",2014.0
Chto tvoryat muzhchiny! 2 (2015),"USD 2,000,000",2015.0
The Haunter of the Dark (2015),RUR 700,2015.0
Son razuma (2010),"USD 10,000",2010.0
Agent Adventures (2012),"RUR 80,000",2012.0
Matilda (2017),"USD 15,000,000",2017.0
Den duraka (2014),"USD 2,000,000",2014.0
"""Planeta Pravoslaviya"" (2008)","USD 2,000,000",2008.0
Escape from the Village of Zombies (2015),"RUR 2,000",2015.0
Sexy Action Accounting Myths (2015),"USD 2,500",2015.0
Barmen (2015),"USD 2,600,000",2015.0
The Real American (2015),"USD 35,000",2015.0
Stranstvie (2012),"RUR 500,000",2012.0
Lost in the Woods (2014) (V),"RUR 1,000",2014.0
Paranormal Yakutsk (2012),"RUR 60,000",2012.0
Elbrus: Siberian expedition (2014),"USD 10,000",2014.0
Law of Sandwich: Morning (2015) (V),"RUR 12,000",2015.0
Seltsame Fhrung (1999) (TV),"USD 25,000",1999.0
Cursed Ground (1996),"RUR 20,000",1996.0
Ichchi (2011),"RUR 80,000",2011.0
Made in BY (2015),"EUR 5,000",2015.0
I Want to Live (2014),"RUR 600,000",2014.0
Nightmare in Moscow (2015),RUR 400,2015.0
Kholokost: Kley dlya oboev? (2013),"USD 40,000",2013.0
Kelton's Dark Corner 4: The Kelton Marathon (2015) (V),"RUR 500,000",2015.0
Gallery of Gore (2015) (V),"RUR 500,000",2015.0
One Life: One Team! (2013) (TV),"RUR 9,000,000",2013.0
"""Revansh"" (2012)","USD 25,000",2012.0
Guts & Gore (2004) (V),"RUR 100,000",2004.0
Guts & Gore 2 (2009) (V),"RUR 300,000",2009.0
Ugodie (2015),USD 200,2015.0
3:00 (2015),EUR 20,2015.0
Kosa (2014),"USD 2,000",2014.0
Kavkazskaya plennitsa! (2014),"USD 3,500,000",2014.0
Raniya 2 (????),"RUR 9,500,000",
Mama - Svyatoy Sebastyan (????),"USD 25,000",
Ray (2016),"EUR 4,635,000",2016.0
Reka (2014),"USD 500,000",2014.0
My Dear Fish (2015),"EUR 150,000",2015.0
Sorceress (2017),"USD 480,000",2017.0
Uchilka (2015),"RUR 23,000,000",2015.0
Soldat i durochka (1997),"USD 4,000",1997.0
Zashchitniki (2017),"RUR 380,000,000",2017.0
A.D.I.D.A.S. (2015),"RUR 200,000",2015.0
Vozvrashenie Erkina (2015),"USD 20,000",2015.0
Nightmare in Wien (2015),EUR 15,2015.0
Blink Man (2015),"RUR 150,000",2015.0
A zori zdes tikhie... (2015),"RUR 220,000,000",2015.0
Sosed (2012),USD 100,2012.0
Maya: I Don't Wanna (2015) (V),"USD 10,000",2015.0
My Name Is Happiness (2006),"USD 13,000",2006.0
I Love You (1999),"USD 2,000",1999.0
Srochno vyydu zamuzh (2015),"USD 1,400,000",2015.0
Reyting (2016),"USD 1,500,000",2016.0
Voin (2015),"USD 1,500,000",2015.0
Law of Sandwich: Job Interview (2015) (V),"RUR 13,000",2015.0
Cemetery Legend (2015),EUR 10,2015.0
Nightmare in Bratislava (2015),EUR 10,2015.0
Anthology of Horror 2 (2015),"RUR 1,200",2015.0
"""Ded 005"" (2015)","RUR 60,000,000",2015.0
Ana-Bana (2012),"USD 350,000",2012.0
"Bystree, chem kroliki (2005) (V)","RUR 100,000,000",2005.0
Naakhara (2007),"RUR 80,000",2007.0
Proklyatoye Video (2005),RUR 100,2005.0
Snezhnaya koroleva 3. Ogon i led (2016),"RUR 975,000,000",2016.0
Sandali (2015),"RUR 30,000",2015.0
Execution (1996) (V),RUR 100,1996.0
Bred (1992) (V),"RUR 5,000",1992.0
Bloody Cats-killers (1996) (V),RUR 250,1996.0
Naakhara 2: Sacred Ground (2011),"RUR 40,000",2011.0
Valley of Lepers (2013),"RUR 180,000",2013.0
Law of Sandwich: Lecture (2015) (V),"RUR 8,000",2015.0
Patsienty (2014),"RUR 4,000,000",2014.0
Kholodnyy front (2016),"EUR 313,000",2016.0
Mamy 3 (2014),"USD 2,000,000",2014.0
Elki lokhmatye (2015),"USD 2,000,000",2015.0
Zavtra (2014) (TV),"RUR 700,000",2014.0
"""Tili-tili testo"" (2014)","USD 1,000,000",2014.0
Prilichnye lyudi (2015),"USD 2,000,000",2015.0
Poligon 2 (2004) (V),"USD 1,000",2004.0
The First Entrance (2007),"RUR 8,000",2007.0
About Love (2015),"USD 3,500",2015.0
"Read, Read (2015)","USD 50,000",2015.0
Last Summer 3. Violent Video (2012),"RUR 70,000",2012.0
Tanya Number 5 (2014),"RUR 40,000",2014.0
Orlean (2015),"USD 3,000,000",2015.0
Paren s nashego kladbishcha (2015),"USD 50,000",2015.0
Titan (????),"GBP 2,000",
"""Blyustiteli poroka"" (2000)","USD 480,000",2000.0
"""Vozmezdie"" (2011)",USD 0,2011.0
"""Cruise"" (2011)",USD 0,2011.0
Freezer (2009) (V),"RUR 29,172",2009.0
The Little Black Dress (2015) (TV),"RUR 54,044,500",2015.0
Odnazhdy (2015),"USD 4,500,000",2015.0
Post-mortem (2013),"RUR 4,000",2013.0
Etazh No. 6 (2013),"RUR 10,000",2013.0
Bred 2 (1993) (V),"RUR 2,500",1993.0
Super-zhutiki (1995) (V),"RUR 1,000",1995.0
Feat of Pioneer (1996) (V),RUR 900,1996.0
Evil Mix (1996) (V),"RUR 4,500",1996.0
Absistent (1996) (V),RUR 900,1996.0
Aftersuicide Nightmare (2007),"RUR 1,500",2007.0
Get the Gun (2015) (VG),"RUR 50,000",2015.0
Pravosudie Elmera (2014),"RUR 80,000",2014.0
Winter Note (2015),"USD 1,000",2015.0
License (2014),"RUR 50,000",2014.0
Kontributsiya (2016),"USD 3,700,000",2016.0
Terrorize the Town (2015) (V),"RUR 15,000",2015.0
"Sex, kofe, sigarety (2014)","USD 300,000",2014.0
Neulovimye (2015),"USD 1,500,000",2015.0
Lavash: If Internet and TV Were Peoples (2015) (V),"RUR 2,000",2015.0
Alien Nightmare (2015),"RUR 2,000",2015.0
History in Faces: Cambridge Five (2011) (TV),"USD 1,000",2011.0
Law of Sandwich: Day of Knowledge (2015) (V),"RUR 20,000",2015.0
Pikovaya dama. Chyornyy obryad (2015),"USD 1,000,000",2015.0
The Possessed (2015) (V),RUR 500,2015.0
Na mne krovi net (2011),"USD 30,000",2011.0
Martial Arts Dialogues (2015),"USD 20,000",2015.0
Wasteland (2015/VI),"USD 10,000",2015.0
Poslednyaya noch (2015),"RUR 2,100,000",2015.0
"""BadComedian"" (2011)",RUR 1,2011.0
Pierre Sarkozi Show: Daniil Lazarenkov (2015) (V),RUR 500,2015.0
The Summer of Frozen Fountains (2015),"EUR 210,000",2015.0
Night Visitor (2015),RUR 50,2015.0
The Cat Lady (????),USD 15,
Tsenzor (2017),"USD 60,000",2017.0
In Search of a Lost Paradise (2015),"USD 15,000",2015.0
Springtrap: Two Evil Eyes (2015) (TV),RUR 0,2015.0
Ritual: Rage of Witch (2014),"RUR 1,000",2014.0
Scp-087 (2015),RUR 100,2015.0
Parallel World (2012) (V),"RUR 1,000",2012.0
House of 1000 Corpses (2012) (V),"RUR 2,000",2012.0
Impermissible (????),"USD 1,500",
"""Semeynyy albom"" (2014)","RUR 15,000,000",2014.0
Rise of the Dark (2015),RUR 350,2015.0
Mot Ne (2017),"RUR 300,000",2017.0
"""Ne zhenskaya igra"" (2012)","RUR 10,000,000",2012.0
"""Proshu poverit mne na slovo"" (2016)","RUR 5,000,000",2016.0
"""Plakuchaya iva"" (2017)","RUR 15,000,000",2017.0
Recalling Alice (2015),"RUR 230,000",2015.0
Desertica (2021) {{SUSPENDED}},"USD 100,000,000",2021.0
Don't Exaggerate (2015),"GBP 10,000",2015.0
Zhenshina epokhi tango (2012),"RUR 1,000,000",2012.0
Tamara (2015),"GBP 6,000",2015.0
Jolanta (2013),PLN 0,2013.0
Gordon Getty: There Will Be Music (2015),"USD 700,000",2015.0
Monakh i bes (2016),"RUR 130,000,000",2016.0
Poetry (????) {{SUSPENDED}},"USD 50,000,000",
Mama daragaya! (2014),"USD 1,100,000",2014.0
Jaws 19 (2015),RUR 100,2015.0
Poslednyaya zhertva Anny (2015) (TV),"USD 1,000,000",2015.0
Potomu chto lyublyu (2015) (TV),"USD 1,000,000",2015.0
Tayna snezhnoy korolevy (2015),"USD 5,000,000",2015.0
12 mesyatsev. Novaya skazka (2015),"USD 4,000,000",2015.0
The Pro (2016),"GBP 250,000",2016.0
Don't Go Into the Woods Alone (2015),RUR 50,2015.0
Vremya zhit! (2015) (V),"RUR 1,000,000",2015.0
Road to Hell (2013) (VG),RUR 100,2013.0
Pumping the Oil: Real Workdays (2015) (TV),"RUR 10,000,000",2015.0
Pumping the Oil: Real Workdays II (2015) (TV),"RUR 10,000,000",2015.0
Lyubov i vedmy (2014) (V),"USD 100,000",2014.0
Alien Alive (2015),"RUR 4,000",2015.0
Abandoned (2015/IV),RUR 50,2015.0
Orfey i Evridika (2005) (V),"USD 20,000",2005.0
Mandat (2015) (V),"RUR 20,000",2015.0
Timur&Co (2015) (V),"USD 10,000",2015.0
Zemlyaki (2014),"RUR 1,000,000",2014.0
Rage of Spirits (2015),RUR 50,2015.0
Kak ya stal... (2015) (V),"RUR 100,000",2015.0
Zhuravlinye derya (2004) (V),"RUR 200,000",2004.0
Day and Night Killers (2014),RUR 100,2014.0
I am maniac (2014),RUR 50,2014.0
Pannochka (2015) (V),"RUR 300,000",2015.0
O lyubvi (2017),"USD 2,000,000",2017.0
Hollywood. Action (2011) (V),"RUR 100,000",2011.0
Hollywood. Action 2 (2011) (V),"RUR 100,000",2011.0
Hollywood. Action 3 (2011) (V),"RUR 100,000",2011.0
Digital Market (2011) (V),"RUR 50,000",2011.0
Report About Offical Presentation of Call of Duty: Black Ops (2010) (V),"RUR 50,000",2010.0
Offline (2011/III),"USD 5,000",2011.0
Vaifu (2015) (V),RUR 500,2015.0
Ne vsyo kotu maslenitsa (2011) (V),"RUR 55,000",2011.0
Poros' (2007),"RUR 1,000",2007.0
Festival of Zombies (2010),"RUR 2,000",2010.0
On Air (2012/II),"RUR 5,000",2012.0
Sick Furry (2015),RUR 50,2015.0
Cargo 425. Part 2 (2015),RUR 200,2015.0
The Window (2013/VII),"USD 1,000",2013.0
The Point of Return (2015),"RUR 100,000",2015.0
Absolut. Redemption (2015),"RUR 250,000",2015.0
The Gift (2013/XIV),"RUR 300,000",2013.0
Destructors (2014),"RUR 800,000",2014.0
Lyubimyy gorod (2016),"USD 2,000,000",2016.0
Rudolf Nureyev. Island of His Dreams (2016),"EUR 500,000",2016.0
The FreeFly Second (2013),"RUR 300,000",2013.0
"""Serial Zavod"" (2013) {Reklamniy agent (#2.4)}","RUR 15,000",2013.0
V paprscch slunce (2015),"EUR 390,000",2015.0
One Day in the Life of a Simpsons Fan (2013),RUR 10,2013.0
Zoologiya (2016),"USD 3,000,000",2016.0
"""Metod"" (2015)",RUR 0,2015.0
Karski i wladcy ludzkosci (2015),"USD 350,000",2015.0
Kronoshpan Horror: Clash of the Titans (2015),RUR 200,2015.0
Unrequited Love (2015/II),RUR 100,2015.0
Fatal Meeting (2015/I),RUR 100,2015.0
Tayna Sukharevoy bashni. Charodey ravnovesiya (2015),"RUR 65,000,000",2015.0
Viking (2016),"RUR 1,250,000,000",2016.0
Balka Illi (2015),USD 10,2015.0
Moviegeek (2010),USD 50,2010.0
Kinologistika (2002) (TV),"RUR 5,000",2002.0
Unknown Writer (2014),"USD 2,000",2014.0
Zarazhenie (2015) (V),"RUR 5,000",2015.0
"Oh My God, What a Man! (2013) (V)","USD 100,000",2013.0
Zolushka (2008) (TV),"USD 350,000",2008.0
Mutilator from the Grave (2015),"RUR 100,000",2015.0
Chempiony: Bystree. Vyshe. Silnee (2016),"RUR 90,000,000",2016.0
Escape from the Village of Beetles (2015),RUR 150,2015.0
Tunnel of Memory (2015),RUR 100,2015.0
Deadly Dialog (2015),RUR 200,2015.0
Game with Death (2015),RUR 200,2015.0
Geroy (2016),"USD 7,000,000",2016.0
Scp-087: 5th Experiment (2015),RUR 100,2015.0
Pamyat oseni (2016),"USD 1,500,000",2016.0
Dvadtsat vosem panfilovtsev (2016),"USD 1,700,000",2016.0
Polnoe prevrashchenie (2015),"USD 1,700,000",2015.0
Putin Forever? (2015),"USD 2,000",2015.0
The Instruction: To Forget You're Falling in Love Just Try to Remember It as Much as You Ca (2014),EUR 500,2014.0
Mendel's Joke (2015),"EUR 30,000",2015.0
Podarok Very (2016),"RUR 600,000",2016.0
"""Chelovecheskiy faktor"" (2014)","USD 850,000",2014.0
Protivostoyanie dvukh grabiteley (2015),RUR 300,2015.0
Meeting (2015/I),RUR 50,2015.0
Fatal Meeting (2015/II),RUR 200,2015.0
Die for love (2015),RUR 150,2015.0
The Corridor (2015) (V),RUR 100,2015.0
Broken Love 2 (2011),"RUR 1,000",2011.0
Friends (2014/II),RUR 500,2014.0
Rise of the Dead (2015),RUR 800,2015.0
Cursed Dagger (2015),RUR 100,2015.0
Kubana 2014 (2015) {{SUSPENDED}},"RUR 400,000",2015.0
Dissonance (2015/V),"RUR 1,000",2015.0
Alienation (2013/II),"USD 1,000",2013.0
Mezhzvyozdnyie voyny. Sila probuzhdayetsya (2015),RUR 60,2015.0
Voyna polov (2015),"USD 2,000,000",2015.0
Citizien Khodorkovsky (2015),"CHF 600,000",2015.0
Elvis 55 (2012),USD 10,2012.0
Poveliteli snov (2015),"RUR 40,000,000",2015.0
Zemletryasenie (2016),"AMD 1,460,000,000",2016.0
Olvidadizo (2016),"EUR 60,000",2016.0
Law of Sandwich: Cleaning (2015) (V),"RUR 9,000",2015.0
Evidence (2015/I),RUR 50,2015.0
Cave (2015),RUR 100,2015.0
Zelyonaya kareta (2015),"USD 1,500,000",2015.0
Revenge of Ghost (2015),RUR 150,2015.0
Smeshariki. Legenda o Zolotom Drakone (2016),"USD 15,000,000",2016.0
Alekhin (2015),RUR 30,2015.0
Ledokol (2016),"USD 10,000,000",2016.0
Ne u Dachi (2016),"USD 2,000",2016.0
8 luchshikh svidaniy (2016),"USD 2,000,000",2016.0
Bloody Diarhea (2015),RUR 120,2015.0
The Hand. Return (2016),RUR 50,2016.0
Khoroshiy malchik (2016),"RUR 54,000,000",2016.0
Excavating the Sky (2016),"USD 4,200",2016.0
Movies and Coffee (2015) (TV),"USD 1,000",2015.0
The Wind of His Life (2015),"RUR 10,000",2015.0
The Bus (2016),"USD 1,000",2016.0
Grandmother Firefighter Kills Anyone Who Masturbates (2006),RUR 130,2006.0
Bites of Zombies Do Not Pass Without Leaving a Trace (2005),USD 130,2005.0
Detsimeron (2006),USD 200,2006.0
Hitler Ate My Neighbors (2007),USD 50,2007.0
Egg of Genocide (2005),USD 25,2005.0
The Wallet (2015/II),"USD 9,000",2015.0
No Point (2013),USD 700,2013.0
Down by the Path of the Sun (2015),"EUR 8,000",2015.0
Selfieman: For All the Broken Hearts (2016) (V),"USD 5,000",2016.0
30 svidaniy (2016),"USD 1,000,000",2016.0
Golub - poslannik nebes (2015),"RUR 1,600",2015.0
Love Triangle (2011) (V),RUR 250,2011.0
Siberian Horror (2016),"RUR 1,150",2016.0
"""The Theromorphs"" (2016)","EUR 300,000",2016.0
Uroki vyzhivaniya (2016),"USD 1,500,000",2016.0
Limp Bizkit Money Sucks Tour Diary (2015),"USD 5,000",2015.0
4th Floor (2016),RUR 50,2016.0
Radiodeath (2016),RUR 500,2016.0
Ten (2016),"EUR 800,000",2016.0
Kharms (2016),"EUR 1,000,000",2016.0
Nochnye strazhi (2016),"RUR 230,000,000",2016.0
A Bag-killer from the Space (2009),RUR 100,2009.0
Autumn Madness (2008),RUR 800,2008.0
Walk (2013),RUR 600,2013.0
War Thunder: Victory is Ours (2014),"USD 500,000",2014.0
Blood Type (2006),"USD 20,000",2006.0
Azathoth (2016),RUR 100,2016.0
Long Loaf Killer (2014),RUR 60,2014.0
In Search of Aliens (2011),RUR 120,2011.0
"""Rayon tmy"" (2015)","USD 10,000",2015.0
Grandmother (2013) (V),RUR 200,2013.0
Chapaev (2016) (V),RUR 100,2016.0
Beyond Barricades (2016),"USD 8,000",2016.0
Dark Seed (2016/II),RUR 100,2016.0
"Yes, Chef! (2016)","RUR 1,400,000",2016.0
Knifes (2008) (V),RUR 400,2008.0
Shadow (2012/II) (V),RUR 50,2012.0
Chains of Mephistopheles (2015),USD 10,2015.0
Traces of Gore (2016),"RUR 20,000",2016.0
Day of the Living Dead (2016),RUR 460,2016.0
Season of Decomposition (2006),RUR 600,2006.0
R. E. K. (2007),RUR 500,2007.0
Behind the Wall (2007),"RUR 1,200",2007.0
"""Vsya takaya vnezapnaya"" (2007)","USD 1,600,000",2007.0
Two Worlds (2016),"USD 6,000",2016.0
Don Zhuan (2016),"USD 10,000",2016.0
"""Para Normal News"" (2011)","USD 400,000",2011.0
"""Bolshoy den'"" (2007)","USD 500,000",2007.0
"""Pesnya dlya zvezdy"" (2009)","USD 50,000",2009.0
Ghost (2016/II),RUR 60,2016.0
"""Bigabum Lottery TV Show"" (2011)","USD 150,000",2011.0
Zakroy glaza (2016),"EUR 700,000",2016.0
"""NView"" (2015)","USD 10,000",2015.0
"""Cherepashki Megablog"" (2016)","USD 40,000",2016.0
The Spectator (2014/II),"RUR 20,000",2014.0
I Don't Need It (2016),USD 100,2016.0
Argentina: An Interview with a Dead Drug Dealer (2008),"USD 13,000",2008.0
The Cradle (2016),"RUR 1,000,000",2016.0
Marshrut postroen (2016),"RUR 1,000,000",2016.0
Fall (2016/III),RUR 50,2016.0
Ekipazh (2016),"USD 10,000,000",2016.0
KanikulyFM (2017),"USD 2,000,000",2017.0
Happy Paradise (2016),"EUR 15,000",2016.0
Piramida nad Kremlyom (2016),RUR 670,2016.0
Mukhamory (2016),"USD 20,000",2016.0
Four Names (2005) (TV),"USD 90,000",2005.0
Charisma (2015),"USD 7,000",2015.0
Offenbacher (2016),"EUR 1,000",2016.0
Pulse (2007),"USD 6,000",2007.0
100 Thousand (2009) (TV),"USD 180,000",2009.0
Interstelar 2: Operation Terra 2040 (2016),RUR 107,2016.0
Absurd (2016) (V),"RUR 3,000",2016.0
Junon (2015),"RUR 250,000",2015.0
Scream at the Entrance (2016),RUR 40,2016.0
Return of the Sorcerer (2016),RUR 40,2016.0
3 Hours (2016),"RUR 15,000",2016.0
Cinema Emperor (2014),"USD 5,000",2014.0
"""Smekh i grekh"" (2013)","RUR 5,000,000",2013.0
Hypnotic Chain (2016),"USD 10,000",2016.0
Traces of Gore II (2016),"USD 3,000",2016.0
Libertas (2017),"EUR 100,000",2017.0
Varshava (2016),"EUR 300,000",2016.0
Korobka (2016),"USD 1,500,000",2016.0
Faces of Aliens (2016),EUR 33,2016.0
Preventsiya (2016),"GBP 180,000",2016.0
"Run, cry, die (2016)","RUR 4,000",2016.0
The House of the Most Beautiful Morning (2012),RUR 1,2012.0
Linden Tar (2016),"USD 20,000",2016.0
Forest of Satan (2016),RUR 260,2016.0
Fear - Reconstruction (2013),RUR 10,2013.0
Crocodile-killer (2016),"RUR 1,200",2016.0
Alien horror (2015) (V),RUR 30,2015.0
Battle for Pereslavl (2016) (V),RUR 40,2016.0
Blokbaster (2017),"RUR 50,000,000",2017.0
NeEvropa (2016),"RUR 200,000",2016.0
Round and Round (2016),"USD 5,000",2016.0
Collection of Fear (2016) (V),"RUR 1,500",2016.0
The Waiting (Asian Version) (2016),USD 100,2016.0
Not Hiding His Eyes (2016/II),"RUR 1,000,000",2016.0
Fly Wars: Episode I (2013),USD 10,2013.0
Not Hiding His Eyes (2016/I),"RUR 1,000,000",2016.0
Operation Wedding (2016),"EUR 237,272",2016.0
Demian Grace: Saving Love (2015),"RUR 18,690",2015.0
Preventsiya II (2017),"USD 800,000",2017.0
From Career to Freedom (2014),"USD 53,000",2014.0
Lobanovskiy Forever (2016),"USD 750,000",2016.0
Sosedka (2016),"USD 50,000",2016.0
Vkus pobedy (2016),"RUR 250,000",2016.0
Retsessivnyy gen (2016),"USD 20,000",2016.0
Flutter Green vs. Hater (2016),RUR 300,2016.0
The Fall of Flutter Green [Flutter Green vs. Hater 2] (2016),RUR 300,2016.0
Good Flutter Green vs. Bad Igor (2016),RUR 20,2016.0
"""Brony-Ponies"" (2015)",RUR 100,2015.0
"""The Dark Sky"" (2014)",RUR 500,2014.0
"""Flutter Green Reacts"" (2014)",RUR 20,2014.0
Flutter Green Forever (2016),"RUR 1,000",2016.0
Giddy Up! Adventures of Little Pony (2016),RUR 500,2016.0
Five Nights at Freddy's: Survive the NIght (2016),RUR 500,2016.0
"""In the World of the Fairies"" (2016)",RUR 100,2016.0
"""What Infuriates In"" (2014)",RUR 100,2014.0
Flutter Green and Screwdriver (2016),RUR 300,2016.0
Trash Movie (2018),RUR 300,2018.0
Five Nights at Ponies (2015),"RUR 1,000",2015.0
Flutter Green: Homecoming (2016),RUR 300,2016.0
Kak Vitka Chesnok vyoz Lyokhu Shtyrya v dom invalidov (2017),"RUR 25,000,000",2017.0
See You in Chechnya (2016),"EUR 230,000",2016.0
Lyod (2017),"RUR 150,000,000",2017.0
Cannibals Holocaust. Demons in the Flesh (2016),RUR 600,2016.0
V pogone za kedami (2012),"RUR 1,500",2012.0
Confrotation Between 2 Robbers: Back to the Past (2015),RUR 500,2015.0
Attack of Monster (2016),"RUR 5,000",2016.0
Pyramid Above Saint-Petersburg (2016),"RUR 1,500",2016.0
Bloody Massacre (2016),"RUR 3,000",2016.0
Bloody Forest (2016),"RUR 8,000",2016.0
Why Does New Federation Alliance Need the Old Military Bot? (????),"USD 1,000",
Cruel Curiosity (2016),"USD 2,000",2016.0
Delusion of Persecution (2016),"RUR 1,500",2016.0
Forest Tragedy (2016),"RUR 2,000",2016.0
Ozon (2016),RUR 1,2016.0
Dreaming (2011),"RUR 50,000",2011.0
Valeriya (2016),"RUR 150,000",2016.0
Noise (2013/II),RUR 300,2013.0
Kifuckriki with District (2016),RUR 50,2016.0
Brony-Ponies (2015),RUR 200,2015.0
Attack Red Arrows and Circles (2016),"RUR 1,000",2016.0
I'm in Equestria (2016),RUR 300,2016.0
Evil Vid (2008),RUR 300,2008.0
Michael vs. Novikov (2010),RUR 300,2010.0
Michael vs. Novikov 2: Revenge (2011),RUR 200,2011.0
Michael vs. Novikov 3: Underworld (2011),RUR 200,2011.0
Pony Note (2015),"RUR 1,000",2015.0
Adventure Vid's in Ostankino 2 (2011),"RUR 1,000",2011.0
Slender Man (2013),"RUR 2,000",2013.0
Monroe (2017),"USD 2,000,000",2017.0
Crazywise (2016),"USD 300,000",2016.0
Lethal Selfie (2016),RUR 100,2016.0
Equilibrium (2016),"RUR 1,000",2016.0
Exam (2016),"RUR 2,000",2016.0
Night in the School (2016),RUR 500,2016.0
Slender Man 2: Curse Book (2014),RUR 600,2014.0
Brony-Ponies 2 (2015),RUR 300,2015.0
Brony-Ponies 3: Rise of Sayonara (2015),RUR 300,2015.0
Brony-Ponies 4: The Return of Sayonara (2015),RUR 300,2015.0
Brony-Ponies 5: Revolution (2016),RUR 300,2016.0
Brony-Ponies 6: Military Service (2016),RUR 300,2016.0
Brony-Ponies 7: Survivors on the Island (2016),RUR 300,2016.0
Buhanka Ulix: The Movie (2016),"RUR 5,000",2016.0
Brony-Ponies: The Official Game (2016),RUR 500,2016.0
Slender Man 3: Pandemonium. Chapter 1 (2015),"RUR 1,000",2015.0
Slender Man 3: Pandemonium. Chapter 2. End of Story (2015),"RUR 1,000",2015.0
Women's Logic (2014),RUR 500,2014.0
Minecraft. Paranormal Activity (2013),RUR 50,2013.0
"Pokemon GO! Catching Where I Want to, Not Prohibited by Law (2016)",RUR 300,2016.0
#227 (2020),"RUR 200,000,000",2020.0
Agent Diego and Video Recorder (2016),RUR 200,2016.0
Stroll (2016),RUR 200,2016.0
#NumberDrocher (2016),RUR 200,2016.0
Why Ponies Bred Pigs? (2016),RUR 100,2016.0
Why Ponies Have Items for Your Fingers? (2016),RUR 100,2016.0
It Was in Vitalske (2015),"RUR 1,000",2015.0
"""Hren' 2.0"" (2010) {ZASHITNEG (#2.3)}","RUR 1,000",2010.0
"""Hren' 2.0"" (2010) {Portativnaya SEGA (#2.4)}","RUR 4,000",2010.0
"""Buhanki"" (2016)",RUR 300,2016.0
"""Untitled Project"" (2018/I)","RUR 1,000,000",2018.0
"""Larva"" (2016)","RUR 1,000",2016.0
"""Twilight's Adventures"" (2015)",RUR 500,2015.0
Molot (2016),"USD 5,000,000",2016.0
"""Bronylogy"" (2014)",RUR 100,2014.0
Falling Down a Good Flutter Green (2016),RUR 200,2016.0
Flutter Green: The Game (2016) (VG),RUR 100,2016.0
"""DoubleHeaded"" (2016)","RUR 25,000",2016.0
Brony-Ponies and Buhanki: Rangers Yukio and Shad (2016),RUR 300,2016.0
Finding Katie (2016),RUR 500,2016.0
The Queen of Spades (2016),RUR 500,2016.0
Chistoe iskusstvo (2016),"RUR 130,000,000",2016.0
"Do Not Worry, I Keep (2016)",RUR 500,2016.0
Hunters of the Pokemon (2016),RUR 200,2016.0
"""Feechki supervised"" (2015)",RUR 300,2015.0
"""Life of the Mermaids"" (2015)",RUR 300,2015.0
The Guide (2016/II),RUR 10,2016.0
"""Ronfred Show"" (2016)",RUR 300,2016.0
In the Attic (2016),"RUR 1,000",2016.0
Billy the Puppet (2016),RUR 500,2016.0
Corpse Bride (2016),"RUR 1,000",2016.0
"""Krasnaya Koroleva"" (2015)","RUR 25,000,000",2015.0
Basket of Dreams: Shamans Wheel (2017),"USD 100,000",2017.0
Anthology of Horror 3 (2016),"RUR 2,000",2016.0
Deadly Cruise (2016),RUR 200,2016.0
The Face (2014),"RUR 25,000",2014.0
Rokovaya vstrecha (2016),RUR 300,2016.0
Krolik Black (2016),"RUR 16,000",2016.0
Bloger (2012),"RUR 150,000",2012.0
Neznakomka (2016),"RUR 6,000",2016.0
Insomnia (2017),"EUR 50,000",2017.0
Death in Kizhi (2016),RUR 200,2016.0
Venozniy koshmar (2015) (V),RUR 10,2015.0
Russian Sentai HoodyRanger: The Beginning (2016) (V),RUR 500,2016.0
Fallout: Equestria. Chapter 20.5 (2016),RUR 300,2016.0
"""Illuminati confirmed"" (2016)",RUR 200,2016.0
Diggeri (2016),"RUR 52,000,000",2016.0
Behind the Back (2014),RUR 600,2014.0
Kifuckriki with District 2: The Return on the District (2016),RUR 300,2016.0
"""Audio Stories from Spike"" (2014)","RUR 3,000",2014.0
Abandoned (2016/II),RUR 30,2016.0
Evil Vid 2: Vid vs. KK (2010),"RUR 2,000",2010.0
The Last Summer (2016/II),"RUR 1,000",2016.0
Secret of Slenderman 3 (2016),"RUR 1,500",2016.0
The Calling (2016/III),"RUR 300,000",2016.0
My Little Hitler (2015),RUR 400,2015.0
The Imaginarium (2016),"RUR 2,000",2016.0
"""Volnaya gramota"" (2018)",RUR 1,2018.0
Alien brainsuckers (2006),"RUR 15,000",2006.0
Zombie Apocalypse (2016),RUR 300,2016.0
Zero (2006),"RUR 3,000",2006.0
The Abode of Darkness (2006),"RUR 1,000",2006.0
Shtrafnaya (2016) (TV),"USD 100,000",2016.0
Evil Vid 3: Battle Across Time (2011),"RUR 3,000",2011.0
Piramida nad Kievom (2016),UAH 10,2016.0
Bonfires and Stars (2016),"EUR 10,000",2016.0
Salamanca (2015),"EUR 8,000",2015.0
Evil Vid 4: Rebirth (2011),"RUR 2,000",2011.0
Teli i Toli (2016),"USD 1,100,000",2016.0
Clash with Degree (2016),USD 100,2016.0
Dislike (2016),RUR 30,2016.0
Outlast (2016),"RUR 1,000",2016.0
An Education (2011),"USD 2,500",2011.0
Evil Vid 4.5 (2013),"RUR 3,000",2013.0
Ded Moroz. Bitva Magov (2016),"RUR 200,000,000",2016.0
The Horror of the First of September (2016),RUR 500,2016.0
"""Hits to Kill"" (2006)","RUR 95,800",2006.0
A'Studio & Dj Leonid Rudenko 'Workout' (2010) (TV),"USD 50,000",2010.0
Dj Leonid Rudenko 'Goodbye' (2010) (TV),"USD 30,000",2010.0
"""The Fixies"" (2010)","USD 7,000,000",2010.0
The Gust of Wind (2009),"RUR 1,200,000",2009.0
Tsennost (2015),"USD 32,000",2015.0
Sherlock Homes: Mystery of the Stream (2016),RUR 500,2016.0
Face-to-Face (2012),"USD 15,000",2012.0
Krov na tantspole (2017),"RUR 120,000,000",2017.0
Rynok Rabov (2000),"USD 100,000",2000.0
Moya Zheleznaya Ledi. Tatyana Lioznova (2009),"USD 30,000",2009.0
"""Edvard Radzinsky. Dom Romanovykh: Lyubov' i Smert'"" (2005)","USD 160,000",2005.0
"""Veselye Kartinki"" (2005)","USD 156,000",2005.0
Revolution: New Art for a New World (2016),GBP 000,2016.0
Express cours of Buddhizm (2009),"RUR 700,000",2009.0
Surprise (2009/III),"RUR 550,000",2009.0
Posledniy raz (2015),"USD 20,000",2015.0
Proekt: Panatseya (2013),"RUR 300,000",2013.0
Taina Smerti Stalina. Polslednyaya Zagadka (2006) (TV),"USD 45,000",2006.0
Aznif (2010),"USD 7,500",2010.0
Krapiva (2016),"RUR 3,600",2016.0
Second Chance (2016/VII),RUR 600,2016.0
"""Delo bilo v Gavrilovke"" (2007)","RUR 1,800,000",2007.0
The Groom (2016),"USD 1,500,000",2016.0
Music Lessons (2011),"RUR 300,000",2011.0
Romano abav (2008),"RUR 50,000",2008.0
"""Save Brony Fandom"" (2016)","RUR 4,000",2016.0
Putevka v zhizn' (2013),"RUR 55,700,000",2013.0
"""Zvezdy Bez Pafosa"" (2014)","USD 1,000,000",2014.0
Where Light (2010),"RUR 300,000",2010.0
On the Other Side of the Fog (2015),"RUR 550,000",2015.0
Flutter Green: The Sora Awakens (2017),"RUR 5,000",2017.0
Robbers (2017),"RUR 4,000",2017.0
Black Book (2016),RUR 30,2016.0
Krabogeddon (2011),"RUR 25,000",2011.0
Mastera poroka (2010),"RUR 40,000",2010.0
Iskusstvennyj Otbor (2016) (TV),"EUR 50,000",2016.0
The Fourth (2016/II),"USD 100,000",2016.0
Koma (2018),"USD 20,000,000",2018.0
"""Kak Eto Bylo"" (1997)","USD 3,900,000",1997.0
Sunny Day (2010),"RUR 150,000",2010.0
Ataga sovetskikh zombi (2016),"EUR 50,000",2016.0
Nevesta (2017),"RUR 70,000,000",2017.0
Deti protiv volshebnikov (2016),"USD 3,000,000",2016.0
Victoria (2015/X),"RUR 1,750,000",2015.0
Dream (2015/VII),"USD 1,000",2015.0
Y. O. P. (2013),"RUR 50,000",2013.0
Troe i cement (2016),"RUR 50,000",2016.0
"""Krizis nezhnogo vozrasta"" (2016)","RUR 60,000,000",2016.0
The Fixies: Top Secret (2017),"USD 6,000,000",2017.0
The Latent Variable (2016),RUR 0,2016.0
Everyone Has a Chance (2016) (TV),"USD 10,000",2016.0
The Probability (2016),"USD 2,500",2016.0
Russkaya reznya britvoy (2016),"RUR 1,000",2016.0
Banner Girl (2014),"RUR 30,000",2014.0
Sidab-Man (2016),"RUR 5,000",2016.0
Zarazhenie 2 (2016) (V),"RUR 2,000",2016.0
Besy (2016),RUR 40,2016.0
Provodnik (2017),"RUR 86,000,000",2017.0
Flutter Green: Killer in the Skype (2016),RUR 300,2016.0
Apostasy (2017),"USD 1,100,000",2017.0
Big Booom (2016),EUR 500,2016.0
The Imaginarium of Doctor Mengele (2016) (V),RUR 250,2016.0
"""Feaction"" (2016)","RUR 1,000",2016.0
Flutter Green and Screwdriver 2 (2016),RUR 300,2016.0
Samiy-samiy-samiy-plokhoy (2010),"RUR 213,000",2010.0
Vladivostok Vacation (2016),"USD 450,000",2016.0
The Russian Razor Massacre 2: Massacre on Halloween (2017),"RUR 2,000",2017.0
King of Birds (2016),RUR 200,2016.0
"""The Hunter on Fairies"" (2016)",RUR 300,2016.0
To the Dacha (2016),"RUR 300,000",2016.0
Viy 2 (2017),"USD 48,000,000",2017.0
Mortem (2016/III),RUR 250,2016.0
Vozmezdiye (2016),"RUR 6,000",2016.0
Vosstavshiy iz myortvykh (2016),"RUR 22,000",2016.0
Demon Mind (2017),"GBP 2,500",2017.0
"""Anna Detective"" (2016)",RUR 1,2016.0
Culture of Russian Swearing (2015),"USD 1,000",2015.0
"""White Shaman"" (2017)","USD 1,600,000",2017.0
Flutter Green: Joke on April Fools Day (2016),RUR 100,2016.0
Trailer Ovechka Dolli byla zlaja i rano umerla (2015) (TV),"USD 10,000",2015.0
Last Report (2007),RUR 50,2007.0
Last Report 2 (2007),RUR 300,2007.0
Pyramid Above Volga (2016),RUR 300,2016.0
The Room (2004),"RUR 1,500",2004.0
Vse o muzhchinakh (2016),"RUR 47,000,000",2016.0
My Murderer (2016),"RUR 5,000,000",2016.0
Convictions (2016),"EUR 12,000",2016.0
Pokoleniye (2014),"USD 5,000",2014.0
Konvert (2017),"RUR 120,000,000",2017.0
Kasting (2013),"USD 5,000",2013.0
Optical Axis (2013),"EUR 30,000",2013.0
Gorodok (2016),"RUR 250,000",2016.0
"""Bronyahi"" (2016)",RUR 50,2016.0
Encore (2014/III),"EUR 120,000",2014.0
Two Sides of the One Elephant (2017),"RUR 1,000,000",2017.0
Dve Storoni Odnogo Slona (2017),"RUR 1,000,000",2017.0
Zviszhi (2014),"EUR 1,500",2014.0
Mousetrap (2015),"EUR 2,200",2015.0
Little Bird (2014),"EUR 54,000",2014.0
"Mom, Don't Leave! (2016)","RUR 200,000",2016.0
Brodsky Is Not a Poet (2015),"EUR 35,000",2015.0
Stalingrad 2016 (2016),"RUR 1,300",2016.0
The Heavenly Postman (2016),"RUR 200,000",2016.0
Dead Line (2013),"RUR 7,000,000",2013.0
Route (2016),RUR 50,2016.0
Razocharovanniy (2016),"RUR 5,000",2016.0
Opasnost' ryadom (2016),"RUR 27,000",2016.0
Ya vas vsyekh ub'yu (2016),"RUR 12,000",2016.0
Groggy (2016) (TV),"USD 300,000",2016.0
The electric chair (2017),"USD 500,000",2017.0
"""Fallout: Equestria"" (2017)","RUR 10,000",2017.0
Onininja (2016),RUR 45,2016.0
Virtuoso (2013),RUR 60,2013.0
"""Guyver. Mutilator Hero"" (2016)","RUR 1,200",2016.0
The Haunter of the Dark 2 (2017),"RUR 6,000",2017.0
Abandoned 2 (2016),RUR 12,2016.0
Diamonds for My Ants (2016),"RUR 50,000",2016.0
"""Untitled Andrey Holan Project"" (????)","RUR 5,000",
The Seventh Sin (2016),"USD 10,000",2016.0
Amnesia (2016/III),USD 10,2016.0
Freedom (2016/III),"RUR 100,000",2016.0
Butterflies (2016),RUR 300,2016.0
Kogda plachut tsikady v Mukhosranske (2015),RUR 800,2015.0
The Edge (2017),USD 350,2017.0
Epitafiya k zhizni (2006),"RUR 400,000",2006.0
Watermelon Rinds (2016),"RUR 1,000,000",2016.0
Revenge of the Tree (2017),RUR 30,2017.0
Yarost' (2017),"RUR 5,000",2017.0
11th Route (2006),RUR 900,2006.0
Tri bogatyrya i Morskoy tsar (2017),"USD 4,000,000",2017.0
Krovavyi zagovor Esstonskih shprot-ubiyts (2009),RUR 150,2009.0
God Johogoi (2015),"EUR 4,200",2015.0
The Heart of the House (2017),RUR 0,2017.0
One Silent Man (2017),RUR 25,2017.0
What Worth Are 50 UAH on Khreshchatyk? (2016),UAH 50,2016.0
"Sex, Needles & Roubles (2004)","USD 10,000",2004.0
Harry Potter and the Sorcerer's Feces (2011),RUR 200,2011.0
Sergey A. Always Takes a Camera (2016),RUR 50,2016.0
"""Trailer in the Style"" (2016)",RUR 100,2016.0
Mystery Forest (2017),RUR 500,2017.0
Cinderella's Ball (2016),"RUR 12,000",2016.0
Harry Potter and the Toilet of Secrets (2011),RUR 400,2011.0
A yesli nas ne budet? (2012),USD 500,2012.0
Harry Potter and the Prisoner of Hairiness (2011),RUR 600,2011.0
Your Skin Just Right to Me (2017),"RUR 2,000",2017.0
Demon (2017),RUR 300,2017.0
Harry Potter and the Goblet of Points (2012),RUR 800,2012.0
The Weather Forecast (2016),"EUR 94,000",2016.0
Grumant: The Island of Communism (2014),"EUR 190,000",2014.0
Sounds (2012),"USD 10,000",2012.0
Boogeyman: Legend Comes to Life (2017),"RUR 2,000",2017.0
Attraction of the Earth (2017),RUR 50,2017.0
Vzlomat' blogerov (2016),"RUR 35,000,000",2016.0
Krasny (2016),"GEL 2,692,386",2016.0
Constancy of Death (2017),RUR 25,2017.0
My Neighbors Were Eaten by Toilets (2017),RUR 50,2017.0
Anthology of Horror 4 (2017),"RUR 3,000",2017.0
Your Friend Is Gay (2017),"RUR 2,000",2017.0
Neobyknovennoye puteshestviye Seraphimy (2015),"RUR 120,000,000",2015.0
Exoplanet: First Contact (2017) (VG),"USD 67,000",2017.0
